date,simulate_pv,solar_to_battery,solar_to_battery_purchase_price,pv_size_kW,storage_size_kWh,storage_power_kW,control_mode,weather_normalization,peak_load,peak_pv,peak_net_load_after_pv,peak_net_load_after_storage,original_energy_bill,post_pv_energy_bill,post_pv&storage_energy_bill,pv_energy_saving,pv_energy_saving_monthly,storage_energy_saving,storage_energy_saving_monthly,original_demand_bill,post_pv_demand_bill,post_pv&storage_demand_bill,pv_demand_saving,storage_demand_saving,IRR,pv_export_revenue,pv_import_charge
2020-03-16,True,True,0.41,340,1000,250,2cd,1,2881.0,-2977.0,1654.0,1654.0,-23047.9378,-10890.5644,-9716.061704347829,12157.3734,364721.2020000001,1174.5026956521726,35235.08086956517,-115240.0,-66160.0,-66160.0,49080.0,0.0,0.13492581724056674,645.5524763705105,-242.2022684310019
2020-03-17,True,True,0.41,340,1000,250,2cd,1,3564.0,-2809.0,1660.0,1660.0,-24679.7444,-12274.1086,-10844.430904347826,12405.6358,372169.07399999996,1429.6776956521735,42890.330869565216,-142560.0,-66400.0,-66400.0,76160.0,0.0,0.1621618414733581,892.2787145557656,-363.30340264650283
2020-03-18,True,True,0.41,340,1000,250,2cd,1,2061.0,-2783.0,1658.0,1408.0,-21180.242000000002,-9607.8144,-8559.878504347826,11572.4276,347172.828,1047.9358956521737,31438.076869565215,-82440.0,-66320.0,-56320.0,16120.0,10000.0,0.19025382840619187,1475.6685822306238,-182.13610586011345
2020-03-19,True,True,0.41,340,1000,250,2cd,1,1653.0,-2746.0,1012.0,1040.0,-15497.4996,-6300.2739999999985,-5519.761504347826,9197.2256,275916.768,780.5124956521731,23415.3748695652,-66120.0,-40480.0,-41600.0,25640.0,-1120.0,0.08221515901706744,2728.1716446124765,-55.22211720226846
2020-03-20,True,True,0.41,340,1000,250,2cd,1,1427.0,-2804.0,972.0,990.0,-15235.138600000002,-5851.1872,-5078.840304347826,9383.951400000002,281518.54200000013,772.3468956521738,23170.40686956521,-57080.0,-38880.0,-39600.0,18200.0,-720.0,0.08433020311194328,2957.277844990548,-51.3468809073724
2020-03-21,True,True,0.41,340,1000,250,2cd,1,1534.0,-2599.0,1222.0,1120.0,-16343.2508,-8004.2636,-7260.496304347826,8338.9872,250169.616,743.7672956521737,22313.01886956521,-61360.0,-48880.0,-44800.0,12480.0,4080.0,0.11685736643129553,1988.1595463138,-37.783553875236265
2020-03-22,True,True,0.41,340,1000,250,2cd,1,1172.0,-2664.0,806.0,1056.0,-9834.1265,-5464.160400000002,-4289.6577043478255,4369.9661,131098.98299999998,1174.5026956521742,35235.08086956522,-46880.0,-32240.0,-42240.0,14640.0,-10000.0,0.0597763748069795,2420.8324763705104,-242.2022684310019
2020-04-06,True,True,0.41,340,1000,250,2cd,1,1982.0,-2300.0,1172.0,1076.0,-14098.2394,-7416.160599999997,-6072.478104347826,6682.0787999999975,200462.364,1343.6824956521732,40310.4748695652,-79280.0,-46880.0,-43040.0,32400.0,3840.0,0.1808659673603359,1449.4759168241967,-314.6319848771267
2020-04-07,True,True,0.41,340,1000,250,2cd,1,1753.0,-2763.0,1552.0,1802.0,-19039.1088,-8566.8236,-7882.256904347827,10472.285200000002,314168.55600000004,684.5666956521728,20537.00086956518,-70120.0,-62080.0,-72080.0,8040.0,-10000.0,-0.010660174364165331,1791.8044990548206,-9.688090737240064
2020-04-08,True,True,0.41,340,1000,250,2cd,1,1342.0,-2683.0,1230.0,1480.0,-14913.468,-6497.8822,-5833.729504347826,8415.585799999999,252467.574,664.1526956521739,19924.580869565216,-53680.0,-49200.0,-59200.0,4480.0,-10000.0,-0.014567191746361119,3010.8,-0.0
2020-04-09,True,True,0.41,340,1000,250,2cd,1,1403.0,-2702.0,1028.0,1230.0,-15992.159200000002,-7034.0116,-6114.683904347826,8958.147600000002,268744.42800000013,919.327695652174,27579.830869565223,-56120.0,-41120.0,-49200.0,15000.0,-8080.0,0.043331929374620826,2950.206238185255,-121.10113421550095
2020-04-10,True,True,0.41,340,1000,250,2cd,1,2034.0,-2439.0,1034.0,1256.0,-15447.970700000002,-7604.2358,-6940.083104347826,7843.734900000001,235312.04700000005,664.1526956521748,19924.580869565245,-81360.0,-41360.0,-50240.0,40000.0,-8880.0,-0.0012200223549966305,1851.7200000000007,-0.0
2020-04-11,True,True,0.41,340,1000,250,2cd,1,1342.0,-431.0,1158.0,1372.0,-15785.060199999998,-14416.5368,-13462.035756521738,1368.5233999999982,41055.701999999954,954.5010434782615,28635.031304347853,-53680.0,-46320.0,-54880.0,7360.0,-8560.0,0.07636132682256602,0.0,-0.0
2020-04-12,True,True,0.41,340,1000,250,2cd,1,1332.0,-3030.0,1332.0,1332.0,-13704.327400000002,-6929.064,-6264.9113043478255,6775.263400000003,203257.9020000001,664.1526956521739,19924.580869565216,-53280.0,-53280.0,-53280.0,0.0,0.0,0.07707485387910372,4241.64,-0.0
2020-05-04,True,True,0.41,340,1000,250,2cd,1,1178.0,-2545.0,942.0,1048.0,-13355.45,-5483.8826,-4819.729904347826,7871.567400000001,236147.02200000003,664.1526956521739,19924.580869565216,-47120.0,-37680.0,-41920.0,9440.0,-4240.0,0.04273663042796128,3123.12,-0.0
2020-05-05,True,True,0.41,340,1000,250,2cd,1,1517.0,-356.0,1284.0,1490.0,-15373.0521,-13717.176000000001,-12762.674956521741,1655.8761000000013,49676.28300000004,954.5010434782596,28635.031304347798,-60680.0,-51360.0,-59600.0,9320.0,-8240.0,0.07885196997261201,0.0,-0.0
2020-05-06,True,True,0.41,340,1000,250,2cd,1,1387.0,-804.0,1008.0,1002.0,-13917.9348,-10064.8348,-9110.333756521739,3853.099999999999,115592.99999999994,954.5010434782615,28635.031304347853,-55480.0,-40320.0,-40080.0,15160.0,240.0,0.14118446821795014,0.0,-0.0
2020-05-07,True,True,0.41,340,1000,250,2cd,1,2408.0,-2929.0,1422.0,1350.0,-22149.7157,-9719.7308,-8733.036904347826,12429.9849,372899.547,986.6938956521736,29600.816869565217,-96320.0,-56880.0,-54000.0,39440.0,2880.0,0.1349391347141604,1018.1550850661628,-153.07183364839318
2020-05-08,True,True,0.41,340,1000,250,2cd,1,2133.0,-1474.0,2120.0,2040.0,-23784.7091,-17438.908600000002,-16335.20755652174,6345.800499999998,190374.015,1103.7010434782624,33111.031304347875,-85320.0,-84800.0,-81600.0,520.0,3200.0,0.17103475836494475,3.9,-102.5
2020-05-09,True,True,0.41,340,1000,250,2cd,1,2194.0,-1400.0,1696.0,1946.0,-22054.4262,-16527.6072,-15573.10615652174,5526.819000000002,165804.5700000001,954.5010434782596,28635.031304347798,-87760.0,-67840.0,-77840.0,19920.0,-10000.0,0.06498695499794938,0.0,-0.0
2020-05-10,True,True,0.41,340,1000,250,2cd,1,2672.0,-2804.0,1424.0,1674.0,-19972.2792,-10914.492,-9636.464681663516,9057.787199999997,271733.61599999986,1278.0273183364845,38340.81955009453,-106880.0,-56960.0,-66960.0,49920.0,-10000.0,0.07977119697220125,506.22,-259.12
2020-06-22,True,True,0.41,340,1000,250,2cd,1,3435.0,-1099.0,2922.0,2752.0,-26592.366,-21686.6526,-20732.15155652173,4905.7134000000015,147171.402,954.5010434782636,28635.031304347904,-137400.0,-116880.0,-110080.0,20520.0,6800.0,0.1861488449332147,0.0,-0.0
2020-06-23,True,True,0.41,340,1000,250,2cd,1,2540.0,-481.0,2268.0,2168.0,-25685.0884,-23642.0342,-22687.53315652174,2043.0541999999987,61291.62599999996,954.5010434782636,28635.031304347904,-101600.0,-90720.0,-86720.0,10880.0,4000.0,0.16720528679346502,0.0,-0.0
2020-06-24,True,True,0.41,340,1000,250,2cd,1,2728.0,-2668.0,1632.0,1632.0,-22154.6196,-12173.113000000001,-11086.568304347828,9981.5066,299445.19800000003,1086.5446956521737,32596.340869565214,-109120.0,-65280.0,-65280.0,43840.0,0.0,0.1319210823507,52.40597353497162,-168.76654064272213
2020-06-25,True,True,0.41,340,1000,250,2cd,1,1552.0,-2359.0,970.0,1220.0,-7326.612799999999,-3205.9698,-2772.495304347827,4120.642999999999,123619.28999999998,433.47449565217363,13004.234869565207,-62080.0,-38800.0,-48800.0,23280.0,-10000.0,-0.2337543146183109,2881.479243856333,-62.972589792060525
2020-06-26,True,True,0.41,340,1000,250,2cd,1,1000.0,-1964.0,686.0,686.0,-8741.847300000001,-4477.8264,-3297.199504347826,4264.020900000001,127920.62700000005,1180.626895652174,35418.80686956522,-40000.0,-27440.0,-27440.0,12560.0,0.0,0.1355900025605179,1907.167826086957,-245.1086956521739
2020-06-27,True,True,0.41,340,1000,250,2cd,1,1245.0,-861.0,1016.0,1016.0,-12562.3556,-8983.5852,-8058.118991304348,3578.7703999999994,107363.11199999998,925.4662086956514,27763.98626086954,-49800.0,-40640.0,-40640.0,9160.0,0.0,0.13351325488998644,0.0,-0.0
2020-06-28,True,True,0.41,340,1000,250,2cd,1,2010.0,-848.0,1700.0,1700.0,-19791.3234,-16959.9418,-16005.44075652174,2831.381600000001,84941.44800000003,954.5010434782615,28635.031304347853,-80400.0,-68000.0,-68000.0,12400.0,0.0,0.13949686905588576,0.0,-0.0
2020-07-13,True,True,0.41,340,1000,250,2cd,1,2623.4709999999995,-1127.0,1764.4709999999993,2014.4709999999993,-20426.0155664,-16961.5802664,-16007.07922292174,3464.435299999997,103933.05899999992,954.5010434782615,28635.031304347853,-104938.83999999998,-70578.83999999997,-80578.83999999997,34360.0,-10000.0,0.06498695499794982,0.0,-0.0
2020-07-14,True,True,0.41,340,1000,250,2cd,1,3173.045,-1954.0,2678.045,2928.045,-28860.943713300014,-23673.8814133,-22719.380369821738,5187.062299999998,155611.86899999995,954.5010434782596,28635.031304347798,-126921.8,-107121.8,-117121.8,19800.0,-10000.0,0.06498695499794938,0.0,-0.0
2020-07-15,True,True,0.41,340,1000,250,2cd,1,2078.301,-1024.0,1787.5839999999994,1860.154,-22121.6048517,-19013.213951700003,-18058.712908221736,3108.390899999999,93251.72699999996,954.5010434782636,28635.031304347904,-83132.04,-71503.35999999999,-74406.16,11628.680000000008,-2902.800000000017,0.11878324892914073,0.0,-0.0
2020-07-16,True,True,0.41,340,1000,250,2cd,1,3082.848,-2129.0,1521.995,1578.33,-25024.4513057,-16458.497876100002,-15354.796832621741,8565.953429600002,256978.60288800005,1103.7010434782587,33111.031304347765,-123313.92,-60879.8,-63133.2,62434.12,-2253.400000000001,0.13319778136260996,234.77142000000003,-102.5
2020-07-17,True,True,0.41,340,1000,250,2cd,1,2334.505,-659.0,2008.09,2257.505,-24752.08628,-22810.71158000001,-21856.210536521743,1941.3746999999967,58241.2409999999,954.5010434782562,28635.031304347685,-93380.2,-80323.6,-90300.2,13056.600000000004,-9976.600000000006,0.06517408933446256,0.0,-0.0
2020-07-18,True,True,0.41,340,1000,250,2cd,1,1707.089,-1699.0,1430.132,1550.0,-19224.7660618,-13646.7423618,-12743.339787174858,5578.0237000000025,167340.71100000007,903.4025746251407,27102.077238754227,-68283.56,-57205.28,-62000.0,11078.28,-4794.720000000001,0.0938070167223144,0.0,-0.0
2020-07-19,True,True,0.41,340,1000,250,2cd,1,1607.73,-1142.0,1254.026,1504.026,-16250.6544625,-11564.853062499995,-10610.352019021739,4685.8014,140574.04200000002,954.5010434782596,28635.031304347798,-64309.2,-50161.04,-60161.04,14148.159999999994,-10000.0,0.06498695499794938,0.0,-0.0
2020-03-16,True,True,0.41,340,1500,375,2cd,1,2881.0,-2977.0,1654.0,1654.0,-23047.9378,-10890.5644,-9283.95675652174,12157.3734,364721.2020000001,1606.607643478259,48198.229304347784,-115240.0,-66160.0,-66160.0,49080.0,0.0,0.12361867923660495,600.3965217391304,-289.67391304347825
2020-03-17,True,True,0.41,340,1500,375,2cd,1,3564.0,-2809.0,1660.0,1660.0,-24679.7444,-12274.1086,-10136.736956521738,12405.6358,372169.074,2137.371643478262,64121.149304347855,-142560.0,-66400.0,-66400.0,76160.0,0.0,0.1616609286368751,722.7134971644612,-541.5642722117202
2020-03-18,True,True,0.41,340,1500,375,2cd,1,2061.0,-2783.0,1658.0,1493.0,-21180.242,-9607.8144,-8100.214656521741,11572.4276,347172.828,1507.5997434782605,45227.99230434781,-82440.0,-66320.0,-59720.0,16120.0,6600.0,0.14759335533811901,1418.0717013232513,-242.68667296786398
2020-03-19,True,True,0.41,340,1500,375,2cd,1,1653.0,-2746.0,1012.0,1165.0,-15497.4996,-6300.2739999999985,-5187.6851565217385,9197.2256,275916.768,1112.5888434782598,33377.6653043478,-66120.0,-40480.0,-46600.0,25640.0,-6120.0,0.0539701056978712,2728.1716446124765,-55.2221172022684
2020-03-20,True,True,0.41,340,1500,375,2cd,1,1427.0,-2804.0,972.0,1115.0,-15235.138600000002,-5851.1872,-4746.763956521739,9383.951400000002,281518.54200000013,1104.4232434782616,33132.69730434785,-57080.0,-38880.0,-44600.0,18200.0,-5720.0,0.05547187348498239,2957.277844990548,-51.34688090737237
2020-03-21,True,True,0.41,340,1500,375,2cd,1,1534.0,-2599.0,1222.0,1145.0,-16343.2508,-8004.2636,-6928.41995652174,8338.9872,250169.616,1075.8436434782616,32275.309304347848,-61360.0,-48880.0,-45800.0,12480.0,3080.0,0.0989377012750976,1988.1595463138,-37.78355387523636
2020-03-22,True,True,0.41,340,1500,375,2cd,1,1172.0,-2664.0,806.0,1181.0,-9834.1265,-5464.160400000002,-3748.337856521739,4369.9661,131098.98299999998,1715.8225434782614,51474.67630434785,-46880.0,-32240.0,-47240.0,14640.0,-15000.0,0.05595983713873265,2326.37359168242,-341.5051984877126
2020-04-06,True,True,0.41,340,1500,375,2cd,1,1982.0,-2300.0,1172.0,1201.0,-14098.2394,-7416.160599999997,-5579.622249149338,6682.0787999999975,200462.36399999997,1836.5383508506607,55096.150525519835,-79280.0,-46880.0,-48040.0,32400.0,-1160.0,0.13681454774480728,1382.94,-384.58
2020-04-07,True,True,0.41,340,1500,375,2cd,1,1753.0,-2763.0,1552.0,1927.0,-19039.1088,-8566.8236,-7550.180556521738,10472.285200000002,314168.55600000004,1016.6430434782616,30499.291304347837,-70120.0,-62080.0,-77080.0,8040.0,-15000.0,-0.011948195701888431,1791.8044990548206,-9.688090737240042
2020-04-08,True,True,0.41,340,1500,375,2cd,1,1342.0,-2683.0,1230.0,1605.0,-14913.468,-6497.8822,-5501.653156521739,8415.585799999999,252467.574,996.2290434782608,29886.871304347824,-53680.0,-49200.0,-64200.0,4480.0,-15000.0,-0.014567191746361785,3010.8,-0.0
2020-04-09,True,True,0.41,340,1500,375,2cd,1,1403.0,-2702.0,1028.0,1355.0,-15992.159200000002,-7034.0116,-5735.655356521739,8958.147600000002,268744.42800000013,1298.3562434782607,38950.68730434782,-56120.0,-41120.0,-54200.0,15000.0,-13080.0,0.03071846661749333,2929.010586011342,-143.38374291115304
2020-04-10,True,True,0.41,340,1500,375,2cd,1,2034.0,-2439.0,1034.0,1381.0,-15447.970700000002,-7604.2358,-6608.00675652174,7843.734900000001,235312.04700000005,996.2290434782616,29886.871304347853,-81360.0,-41360.0,-55240.0,40000.0,-13880.0,-0.005484201243812882,1851.7200000000007,-0.0
2020-04-11,True,True,0.41,340,1500,375,2cd,1,1342.0,-431.0,1158.0,1497.0,-15785.060199999998,-14416.5368,-12984.785234782608,1368.5233999999982,41055.701999999954,1431.7515652173913,42952.54695652175,-53680.0,-46320.0,-59880.0,7360.0,-13560.0,0.07260090480583202,0.0,-0.0
2020-04-12,True,True,0.41,340,1500,375,2cd,1,1332.0,-3030.0,1332.0,1345.0,-13704.327400000002,-6929.064,-5932.8349565217395,6775.263400000003,203257.90200000012,996.2290434782608,29886.871304347824,-53280.0,-53280.0,-53800.0,0.0,-520.0,0.07436606804077561,4241.64,-0.0
2020-05-04,True,True,0.41,340,1500,375,2cd,1,1178.0,-2545.0,942.0,1173.0,-13355.45,-5483.8826,-4488.674256521739,7871.567400000001,236147.02200000003,995.2083434782608,29856.250304347817,-47120.0,-37680.0,-46920.0,9440.0,-9240.0,0.0258072203671893,3123.12,-0.0
2020-05-05,True,True,0.41,340,1500,375,2cd,1,1517.0,-356.0,1284.0,1615.0,-15373.0521,-13717.176,-12285.424434782608,1655.8761000000013,49676.28300000004,1431.7515652173913,42952.54695652175,-60680.0,-51360.0,-64600.0,9320.0,-13240.0,0.07427589363120424,0.0,-0.0
2020-05-06,True,True,0.41,340,1500,375,2cd,1,1387.0,-804.0,1008.0,1127.0,-13917.9348,-10064.8348,-8633.083234782609,3853.099999999999,115592.99999999994,1431.7515652173913,42952.54695652175,-55480.0,-40320.0,-45080.0,15160.0,-4760.0,0.11682169952338264,0.0,-0.0
2020-05-07,True,True,0.41,340,1500,375,2cd,1,2408.0,-2929.0,1422.0,1359.0,-22149.7157,-9719.7308,-8280.517956521739,12429.9849,372899.547,1439.2128434782608,43176.385304347816,-96320.0,-56880.0,-54360.0,39440.0,2520.0,0.12340161899617465,963.7836294896033,-210.2315689981095
2020-05-08,True,True,0.41,340,1500,375,2cd,1,2133.0,-1474.0,2120.0,2165.0,-23784.7091,-17438.908600000002,-15869.031220415878,6345.800499999998,190374.015,1569.8773795841244,47096.32138752373,-85320.0,-84800.0,-86600.0,520.0,-1800.0,0.13535417982900902,0.0,-106.6
2020-05-09,True,True,0.41,340,1500,375,2cd,1,2194.0,-1400.0,1696.0,2071.0,-22054.4262,-16527.6072,-15095.855634782607,5526.819000000002,165804.5700000001,1431.7515652173895,42952.54695652169,-87760.0,-67840.0,-82840.0,19920.0,-15000.0,0.0649869549979496,0.0,-0.0
2020-05-10,True,True,0.41,340,1500,375,2cd,1,2672.0,-2804.0,1424.0,1799.0,-19972.2792,-10914.492,-9036.839822495273,9057.787199999997,271733.61599999986,1877.6521775047256,56329.565325141775,-106880.0,-56960.0,-71960.0,49920.0,-15000.0,0.07791006094696074,408.72,-361.62
2020-06-22,True,True,0.41,340,1500,375,2cd,1,3435.0,-1099.0,2922.0,2667.0,-26592.366,-21686.6526,-20254.901034782608,4905.7134000000015,147171.402,1431.7515652173936,42952.5469565218,-137400.0,-116880.0,-106680.0,20520.0,10200.0,0.18614884493321404,0.0,-0.0
2020-06-23,True,True,0.41,340,1500,375,2cd,1,2540.0,-481.0,2268.0,2293.0,-25685.0884,-23642.0342,-22210.28263478261,2043.0541999999987,61291.62599999996,1431.7515652173936,42952.5469565218,-101600.0,-90720.0,-91720.0,10880.0,-1000.0,0.1347902325382211,0.0,-0.0
2020-06-24,True,True,0.41,340,1500,375,2cd,1,2728.0,-2668.0,1632.0,1633.0,-22154.6196,-12173.113,-10595.398372022682,9981.5066,299445.19800000003,1577.714627977317,47331.43883931951,-109120.0,-65280.0,-65320.0,43840.0,-40.0,0.1285711020739253,0.0,-223.86
2020-06-25,True,True,0.41,340,1500,375,2cd,1,1552.0,-2359.0,970.0,1345.0,-7326.612799999999,-3205.9698,-2688.4490565217393,4120.642999999999,123619.28999999998,517.5207434782607,15525.622304347815,-62080.0,-38800.0,-53800.0,23280.0,-15000.0,,2881.479243856333,-62.97258979206047
2020-06-26,True,True,0.41,340,1500,375,2cd,1,1000.0,-1964.0,686.0,686.0,-8741.847300000001,-4477.8264,-2952.874756521739,4264.020900000001,127920.62700000005,1524.9516434782608,45748.54930434784,-40000.0,-27440.0,-27440.0,12560.0,0.0,0.11759477741774706,1901.6385255198486,-250.921550094518
2020-06-27,True,True,0.41,340,1500,375,2cd,1,1245.0,-861.0,1016.0,1043.0,-12562.3556,-8983.5852,-7607.6941321361055,3578.7703999999994,107363.11199999998,1375.891067863893,41276.73203591679,-49800.0,-40640.0,-41720.0,9160.0,-1080.0,0.12667762094817525,0.0,-0.0
2020-06-28,True,True,0.41,340,1500,375,2cd,1,2010.0,-848.0,1700.0,1700.0,-19791.3234,-16959.9418,-15528.190234782607,2831.381600000001,84941.44800000003,1431.7515652173936,42952.5469565218,-80400.0,-68000.0,-68000.0,12400.0,0.0,0.13949686905588532,0.0,-0.0
2020-07-13,True,True,0.41,340,1500,375,2cd,1,2623.4709999999995,-1127.0,1764.4709999999993,2139.4709999999995,-20426.0155664,-16961.5802664,-15529.828701182607,3464.435299999997,103933.05899999992,1431.7515652173936,42952.5469565218,-104938.83999999998,-70578.83999999997,-85578.83999999997,34360.0,-15000.0,0.06498695499794982,0.0,-0.0
2020-07-14,True,True,0.41,340,1500,375,2cd,1,3173.045,-1954.0,2678.045,3053.045,-28860.94371330001,-23673.881413299998,-22242.129848082597,5187.062299999998,155611.86899999995,1431.7515652173936,42952.5469565218,-126921.8,-107121.8,-122121.8,19800.0,-15000.0,0.06498695499794982,0.0,-0.0
2020-07-15,True,True,0.41,340,1500,375,2cd,1,2078.301,-1024.0,1787.5839999999994,1985.154,-22121.6048517,-19013.213951700003,-17581.462386482606,3108.390899999999,93251.72699999996,1431.7515652173936,42952.5469565218,-83132.04,-71503.35999999999,-79406.16,11628.680000000008,-7902.800000000018,0.10142325528506337,0.0,-0.0
2020-07-16,True,True,0.41,340,1500,375,2cd,1,3082.848,-2129.0,1521.995,1703.33,-25024.4513057,-16458.497876100002,-14802.94631088261,8565.953429600002,256978.60288800005,1655.551565217389,49666.54695652167,-123313.92,-60879.8,-68133.2,62434.12,-7253.400000000002,0.1146383693040276,186.02142000000003,-153.75
2020-07-17,True,True,0.41,340,1500,375,2cd,1,2334.505,-659.0,2008.09,2382.505,-24752.08628,-22810.71158000001,-21378.96001478261,1941.3746999999967,58241.2409999999,1431.7515652173895,42952.54695652169,-93380.2,-80323.6,-95300.2,13056.600000000004,-14976.600000000004,0.0651117200605722,0.0,-0.0
2020-07-18,True,True,0.41,340,1500,375,2cd,1,1707.089,-1699.0,1430.132,1675.0,-19224.7660618,-13646.7423618,-12292.914928006616,5578.0237000000025,167340.71100000007,1353.8274337933835,40614.82301380151,-68283.56,-57205.28,-67000.0,11078.28,-9794.72,0.08036346787807003,0.0,-0.0
2020-07-19,True,True,0.41,340,1500,375,2cd,1,1607.73,-1142.0,1254.026,1629.026,-16250.6544625,-11564.853062499995,-10133.101497282607,4685.8014,140574.04200000002,1431.7515652173913,42952.54695652175,-64309.2,-50161.04,-65161.04,14148.159999999994,-15000.0,0.0649869549979496,0.0,-0.0
2020-03-16,True,True,0.41,340,2000,500,2cd,1,2881.0,-2977.0,1654.0,1654.0,-23047.9378,-10890.5644,-8951.880408695652,12157.3734,364721.2020000001,1938.6839913043482,58160.51973913043,-115240.0,-66160.0,-66160.0,49080.0,0.0,0.11231721595216904,600.3965217391304,-289.67391304347825
2020-03-17,True,True,0.41,340,2000,500,2cd,1,3564.0,-2809.0,1660.0,1668.0,-24679.7444,-12274.1086,-9549.485608695652,12405.6358,372169.07399999996,2724.622991304348,81738.68973913044,-142560.0,-66400.0,-66720.0,76160.0,-320.0,0.15394623769037485,607.5197353497165,-662.6654064272212
2020-03-18,True,True,0.41,340,2000,500,2cd,1,2061.0,-2783.0,1658.0,1618.0,-21180.242000000002,-9607.8144,-7640.550808695651,11572.4276,347172.828,1967.2635913043487,59017.90773913046,-82440.0,-66320.0,-64720.0,16120.0,1600.0,0.11972552433911245,1360.4748204158789,-303.23724007561435
2020-03-19,True,True,0.41,340,2000,500,2cd,1,1653.0,-2746.0,1012.0,1290.0,-15497.4996,-6300.2739999999985,-4855.6088086956515,9197.2256,275916.768,1444.6651913043481,43339.95573913044,-66120.0,-40480.0,-51600.0,25640.0,-11120.0,0.039097726074084786,2728.1716446124765,-55.22211720226835
2020-03-20,True,True,0.41,340,2000,500,2cd,1,1427.0,-2804.0,972.0,1240.0,-15235.138600000002,-5851.1872,-4414.687608695653,9383.951400000002,281518.54200000013,1436.4995913043476,43094.98773913043,-57080.0,-38880.0,-49600.0,18200.0,-10720.0,0.04026902025000823,2957.277844990548,-51.34688090737235
2020-03-21,True,True,0.41,340,2000,500,2cd,1,1534.0,-2599.0,1222.0,1270.0,-16343.2508,-8004.2636,-6596.343608695652,8338.9872,250169.616,1407.9199913043485,42237.599739130455,-61360.0,-48880.0,-50800.0,12480.0,-1920.0,0.07434022992777711,1988.1595463138,-37.78355387523636
2020-03-22,True,True,0.41,340,2000,500,2cd,1,1172.0,-2664.0,806.0,1306.0,-9834.1265,-5464.160400000002,-3315.2122086956524,4369.9661,131098.98299999998,2148.9481913043483,64468.445739130446,-46880.0,-32240.0,-52240.0,14640.0,-20000.0,0.04717362771098621,2280.756862003781,-389.46124763705114
2020-04-06,True,True,0.41,340,2000,500,2cd,1,1982.0,-2300.0,1172.0,1326.0,-14098.2394,-7416.160599999997,-5163.101008695652,6682.0787999999975,200462.364,2253.059591304347,67591.7877391304,-79280.0,-46880.0,-53040.0,32400.0,-6160.0,0.10268762920736307,1289.8280529300569,-482.4669187145557
2020-04-07,True,True,0.41,340,2000,500,2cd,1,1753.0,-2763.0,1552.0,2052.0,-19039.1088,-8566.8236,-7218.104208695652,10472.285200000002,314168.55600000004,1348.7193913043475,40461.58173913042,-70120.0,-62080.0,-82080.0,8040.0,-20000.0,-0.012599679372281236,1791.8044990548206,-9.688090737240021
2020-04-08,True,True,0.41,340,2000,500,2cd,1,1342.0,-2683.0,1230.0,1730.0,-14913.468,-6497.8822,-5169.576808695652,8415.585799999999,252467.574,1328.3053913043475,39849.16173913043,-53680.0,-49200.0,-69200.0,4480.0,-20000.0,-0.014567191746361119,3010.8,-0.0
2020-04-09,True,True,0.41,340,2000,500,2cd,1,1403.0,-2702.0,1028.0,1480.0,-15992.159200000002,-7034.0116,-5403.579008695652,8958.147600000002,268744.42800000013,1630.4325913043476,48912.97773913043,-56120.0,-41120.0,-59200.0,15000.0,-18080.0,0.02076282131319207,2929.010586011342,-143.38374291115306
2020-04-10,True,True,0.41,340,2000,500,2cd,1,2034.0,-2439.0,1034.0,1506.0,-15447.970700000002,-7604.2358,-6275.930408695652,7843.734900000001,235312.04700000005,1328.3053913043484,39849.16173913046,-81360.0,-41360.0,-60240.0,40000.0,-18880.0,-0.007679402817366231,1851.7200000000007,-0.0
2020-04-11,True,True,0.41,340,2000,500,2cd,1,1342.0,-431.0,1158.0,1622.0,-15785.060199999998,-14416.5368,-12507.534713043477,1368.5233999999982,41055.701999999954,1909.0020869565235,57270.062608695705,-53680.0,-46320.0,-64880.0,7360.0,-18560.0,0.07070932287193266,0.0,-0.0
2020-04-12,True,True,0.41,340,2000,500,2cd,1,1332.0,-3030.0,1332.0,1470.0,-13704.327400000002,-6929.064,-5600.758608695654,6775.263400000003,203257.9020000001,1328.3053913043475,39849.16173913043,-53280.0,-53280.0,-58800.0,0.0,-5520.0,0.05504601465617287,4241.64,-0.0
2020-05-04,True,True,0.41,340,2000,500,2cd,1,1178.0,-2545.0,942.0,1298.0,-13355.45,-5483.8826,-4243.357408695651,7871.567400000001,236147.02200000003,1240.5251913043476,37215.75573913043,-47120.0,-37680.0,-51920.0,9440.0,-14240.0,0.004025948250875544,3123.12,-0.0
2020-05-05,True,True,0.41,340,2000,500,2cd,1,1517.0,-356.0,1284.0,1740.0,-15373.0521,-13717.176000000001,-11808.17391304348,1655.8761000000013,49676.28300000004,1909.0020869565208,57270.062608695654,-60680.0,-51360.0,-69600.0,9320.0,-18240.0,0.07197123475496325,0.0,-0.0
2020-05-06,True,True,0.41,340,2000,500,2cd,1,1387.0,-804.0,1008.0,1252.0,-13917.9348,-10064.8348,-8155.832713043478,3853.099999999999,115592.99999999994,1909.0020869565226,57270.062608695676,-55480.0,-40320.0,-50080.0,15160.0,-9760.0,0.1043079586751523,0.0,-0.0
2020-05-07,True,True,0.41,340,2000,500,2cd,1,2408.0,-2929.0,1422.0,1484.0,-22149.7157,-9719.7308,-7948.441608695652,12429.9849,372899.547,1771.2891913043475,53138.67573913043,-96320.0,-56880.0,-59360.0,39440.0,-2480.0,0.09358748356849578,963.7836294896033,-210.2315689981096
2020-05-08,True,True,0.41,340,2000,500,2cd,1,2133.0,-1474.0,2120.0,2290.0,-23784.7091,-17438.908600000002,-15458.055865028356,6345.800499999998,190374.015,1980.8527349716464,59425.58204914937,-85320.0,-84800.0,-91600.0,520.0,-6800.0,0.11147428116094528,0.0,-106.6
2020-05-09,True,True,0.41,340,2000,500,2cd,1,2194.0,-1400.0,1696.0,2196.0,-22054.4262,-16527.6072,-14618.605113043479,5526.819000000002,165804.5700000001,1909.00208695652,57270.06260869559,-87760.0,-67840.0,-87840.0,19920.0,-20000.0,0.06498695499794938,0.0,-0.0
2020-05-10,True,True,0.41,340,2000,500,2cd,1,2672.0,-2804.0,1424.0,1924.0,-19972.2792,-10914.492,-8437.214963327033,9057.787199999997,271733.61599999986,2477.2770366729674,74318.31110018902,-106880.0,-56960.0,-76960.0,49920.0,-20000.0,0.07697682189028354,311.22,-464.12
2020-06-22,True,True,0.41,340,2000,500,2cd,1,3435.0,-1099.0,2922.0,2540.0,-26592.366,-21686.6526,-19777.650513043478,4905.7134000000015,147171.402,1909.0020869565235,57270.062608695705,-137400.0,-116880.0,-101600.0,20520.0,15280.0,0.1917715720290698,0.0,-0.0
2020-06-23,True,True,0.41,340,2000,500,2cd,1,2540.0,-481.0,2268.0,2418.0,-25685.0884,-23642.0342,-21733.032113043475,2043.0541999999987,61291.62599999996,1909.0020869565271,57270.06260869581,-101600.0,-90720.0,-96720.0,10880.0,-6000.0,0.1180791432719086,0.0,-0.0
2020-06-24,True,True,0.41,340,2000,500,2cd,1,2728.0,-2668.0,1632.0,1758.0,-22154.6196,-12173.113000000001,-10203.358778449909,9981.5066,299445.19800000003,1969.7542215500928,59092.62664650277,-109120.0,-65280.0,-70320.0,43840.0,-5040.0,0.10416976156665148,0.0,-223.86
2020-06-25,True,True,0.41,340,2000,500,2cd,1,1552.0,-2359.0,970.0,1470.0,-7326.612799999999,-3205.9698,-2790.170208695652,4120.642999999999,123619.28999999998,415.7995913043478,12473.987739130434,-62080.0,-38800.0,-58800.0,23280.0,-20000.0,,2881.479243856333,-62.97258979206047
2020-06-26,True,True,0.41,340,2000,500,2cd,1,1000.0,-1964.0,686.0,810.0,-8741.847300000001,-4477.8264,-2620.7984086956517,4264.020900000001,127920.62700000005,1857.0279913043482,55710.83973913043,-40000.0,-27440.0,-32400.0,12560.0,-4960.0,0.08916994644619393,1901.6385255198486,-250.921550094518
2020-06-27,True,True,0.41,340,2000,500,2cd,1,1245.0,-861.0,1016.0,1168.0,-12562.3556,-8983.5852,-7157.269272967864,3578.7703999999994,107363.11199999998,1826.315927032136,54789.47781096408,-49800.0,-40640.0,-46720.0,9160.0,-6080.0,0.10898691119060457,0.0,-0.0
2020-06-28,True,True,0.41,340,2000,500,2cd,1,2010.0,-848.0,1700.0,1700.0,-19791.3234,-16959.9418,-15050.939713043477,2831.381600000001,84941.44800000003,1909.0020869565235,57270.062608695705,-80400.0,-68000.0,-68000.0,12400.0,0.0,0.13949686905588576,0.0,-0.0
2020-07-13,True,True,0.41,340,2000,500,2cd,1,2623.4709999999995,-1127.0,1764.4709999999993,2264.4709999999995,-20426.0155664,-16961.5802664,-15052.578179443477,3464.435299999997,103933.05899999992,1909.0020869565235,57270.062608695705,-104938.83999999998,-70578.83999999997,-90578.83999999998,34360.0,-20000.0,0.06498695499794982,0.0,-0.0
2020-07-14,True,True,0.41,340,2000,500,2cd,1,3173.045,-1954.0,2678.045,3178.045,-28860.943713300014,-23673.8814133,-21764.879326343478,5187.062299999998,155611.86899999995,1909.00208695652,57270.06260869559,-126921.8,-107121.8,-127121.8,19800.0,-20000.0,0.06498695499794938,0.0,-0.0
2020-07-15,True,True,0.41,340,2000,500,2cd,1,2078.301,-1024.0,1787.5839999999994,2110.154,-22121.6048517,-19013.213951700003,-17104.21186474348,3108.390899999999,93251.72699999996,1909.00208695652,57270.06260869559,-83132.04,-71503.35999999999,-84406.16,11628.680000000008,-12902.800000000017,0.0925511081334145,0.0,-0.0
2020-07-16,True,True,0.41,340,2000,500,2cd,1,3082.848,-2129.0,1521.995,1828.33,-25024.4513057,-16458.497876100002,-14251.095789143481,8565.953429600002,256978.60288800005,2207.4020869565193,66222.06260869557,-123313.92,-60879.8,-73133.2,62434.12,-12253.4,0.10516195633477787,137.27142000000003,-205.0
2020-07-17,True,True,0.41,340,2000,500,2cd,1,2334.505,-659.0,2008.09,2507.505,-24752.08628,-22810.71158000001,-20901.709493043483,1941.3746999999967,58241.2409999999,1909.0020869565235,57270.062608695705,-93380.2,-80323.6,-100300.2,13056.600000000004,-19976.600000000006,0.06508053211053855,0.0,-0.0
2020-07-18,True,True,0.41,340,2000,500,2cd,1,1707.089,-1699.0,1430.132,1800.0,-19224.7660618,-13646.7423618,-11842.490068838377,5578.0237000000025,167340.71100000007,1804.2522929616248,54127.56878884873,-68283.56,-57205.28,-72000.0,11078.28,-14794.72,0.07350487533052674,0.0,-0.0
2020-07-19,True,True,0.41,340,2000,500,2cd,1,1607.73,-1142.0,1254.026,1754.026,-16250.6544625,-11564.853062499995,-9655.850975543477,4685.8014,140574.04200000002,1909.0020869565208,57270.062608695654,-64309.2,-50161.04,-70161.04000000001,14148.159999999994,-20000.000000000007,0.0649869549979496,0.0,-0.0
2020-03-16,True,True,0.41,340,2500,625,2cd,1,2881.0,-2977.0,1654.0,1654.0,-23047.9378,-10890.5644,-8619.804060869565,12157.3734,364721.2020000001,2270.760339130433,68122.81017391299,-115240.0,-66160.0,-66160.0,49080.0,0.0,0.10544056365504484,600.3965217391304,-289.67391304347814
2020-03-17,True,True,0.41,340,2500,625,2cd,1,3564.0,-2809.0,1660.0,1793.0,-24679.7444,-12274.1086,-8962.234260869565,12405.6358,372169.074,3311.874339130435,99356.23017391305,-142560.0,-66400.0,-71720.0,76160.0,-5320.0,0.13616026038687967,492.3259735349717,-783.7665406427221
2020-03-18,True,True,0.41,340,2500,625,2cd,1,2061.0,-2783.0,1658.0,1743.0,-21180.242,-9607.8144,-7180.886960869564,11572.4276,347172.828,2426.927439130435,72807.82317391307,-82440.0,-66320.0,-69720.0,16120.0,-3400.0,0.1024560106476322,1302.8779395085064,-363.7878071833648
2020-03-19,True,True,0.41,340,2500,625,2cd,1,1653.0,-2746.0,1012.0,1415.0,-15497.4996,-6300.2739999999985,-4523.532460869565,9197.2256,275916.768,1776.7415391304348,53302.246173913045,-66120.0,-40480.0,-56600.0,25640.0,-16120.0,0.02981893350226428,2728.1716446124765,-55.22211720226846
2020-03-20,True,True,0.41,340,2500,625,2cd,1,1427.0,-2804.0,972.0,1365.0,-15235.138600000002,-5851.1872,-4082.611260869565,9383.951400000002,281518.54200000013,1768.5759391304348,53057.27817391304,-57080.0,-38880.0,-54600.0,18200.0,-15720.0,0.03079410925153203,2957.277844990548,-51.3468809073725
2020-03-21,True,True,0.41,340,2500,625,2cd,1,1534.0,-2599.0,1222.0,1395.0,-16343.2508,-8004.2636,-6264.267260869566,8338.9872,250169.616,1739.9963391304354,52199.89017391307,-61360.0,-48880.0,-55800.0,12480.0,-6920.0,0.05895830234681587,1988.1595463138,-37.78355387523622
2020-03-22,True,True,0.41,340,2500,625,2cd,1,1172.0,-2664.0,806.0,1431.0,-9834.1265,-5464.160400000002,-3154.6134608695656,4369.9661,131098.98299999998,2309.546939130435,69286.40817391305,-46880.0,-32240.0,-57240.0,14640.0,-25000.0,0.01843920724370629,2280.756862003781,-389.46124763705114
2020-04-06,True,True,0.41,340,2500,625,2cd,1,1982.0,-2300.0,1172.0,1451.0,-14098.2394,-7416.160599999997,-4917.784160869564,6682.0787999999975,200462.36399999997,2498.376439130434,74951.29317391301,-79280.0,-46880.0,-58040.0,32400.0,-11160.0,0.07460493540582913,1289.8280529300569,-482.4669187145558
2020-04-07,True,True,0.41,340,2500,625,2cd,1,1753.0,-2763.0,1552.0,2177.0,-19039.1088,-8566.8236,-6886.027860869565,10472.285200000002,314168.55600000004,1680.7957391304346,50423.872173913034,-70120.0,-62080.0,-87080.0,8040.0,-25000.0,-0.012991605785316995,1791.8044990548206,-9.688090737240021
2020-04-08,True,True,0.41,340,2500,625,2cd,1,1342.0,-2683.0,1230.0,1855.0,-14913.468,-6497.8822,-4837.500460869564,8415.585799999999,252467.574,1660.3817391304349,49811.452173913036,-53680.0,-49200.0,-74200.0,4480.0,-25000.0,-0.014567191746362009,3010.8,-0.0
2020-04-09,True,True,0.41,340,2500,625,2cd,1,1403.0,-2702.0,1028.0,1605.0,-15992.159200000002,-7034.0116,-5071.502660869565,8958.147600000002,268744.42800000013,1962.5089391304346,58875.268173913035,-56120.0,-41120.0,-64200.0,15000.0,-23080.0,0.01446635614781866,2929.010586011342,-143.38374291115304
2020-04-10,True,True,0.41,340,2500,625,2cd,1,2034.0,-2439.0,1034.0,1631.0,-15447.970700000002,-7604.2358,-5943.854060869566,7843.734900000001,235312.04700000005,1660.3817391304356,49811.452173913065,-81360.0,-41360.0,-65240.0,40000.0,-23880.0,-0.009024567835110629,1851.7200000000007,-0.0
2020-04-11,True,True,0.41,340,2500,625,2cd,1,1342.0,-431.0,1158.0,1747.0,-15785.060199999998,-14416.5368,-12030.284191304348,1368.5233999999982,41055.701999999954,2386.2526086956514,71587.57826086954,-53680.0,-46320.0,-69880.0,7360.0,-23560.0,0.06957063426952638,0.0,-0.0
2020-04-12,True,True,0.41,340,2500,625,2cd,1,1332.0,-3030.0,1332.0,1595.0,-13704.327400000002,-6929.064,-5268.682260869566,6775.263400000003,203257.90200000012,1660.3817391304349,49811.452173913036,-53280.0,-53280.0,-63800.0,0.0,-10520.0,0.043007001919433296,4241.64,-0.0
2020-05-04,True,True,0.41,340,2500,625,2cd,1,1178.0,-2545.0,942.0,1423.0,-13355.45,-5483.8826,-3998.0405608695655,7871.567400000001,236147.02200000003,1485.8420391304346,44575.26117391303,-47120.0,-37680.0,-56920.0,9440.0,-19240.0,-0.011211782339171415,3123.12,-0.0
2020-05-05,True,True,0.41,340,2500,625,2cd,1,1517.0,-356.0,1284.0,1865.0,-15373.0521,-13717.176,-11330.923391304346,1655.8761000000013,49676.28300000004,2386.252608695653,71587.5782608696,-60680.0,-51360.0,-74600.0,9320.0,-23240.0,0.07058294154549571,0.0,-0.0
2020-05-06,True,True,0.41,340,2500,625,2cd,1,1387.0,-804.0,1008.0,1377.0,-13917.9348,-10064.8348,-7727.815172022684,3853.099999999999,115592.99999999994,2337.0196279773168,70110.58883931949,-55480.0,-40320.0,-55080.0,15160.0,-14760.0,0.092347055294985,0.0,-0.0
2020-05-07,True,True,0.41,340,2500,625,2cd,1,2408.0,-2929.0,1422.0,1609.0,-22149.7157,-9719.7308,-7616.365260869566,12429.9849,372899.547,2103.3655391304346,63100.96617391304,-96320.0,-56880.0,-64360.0,39440.0,-7480.0,0.07491513101458924,963.7836294896033,-210.23156899810954
2020-05-08,True,True,0.41,340,2500,625,2cd,1,2133.0,-1474.0,2120.0,2415.0,-23784.7091,-17438.908600000002,-15048.027297731567,6345.800499999998,190374.015,2390.881302268433,71726.439068053,-85320.0,-84800.0,-96600.0,520.0,-11800.0,0.09663170347725658,0.0,-106.6
2020-05-09,True,True,0.41,340,2500,625,2cd,1,2194.0,-1400.0,1696.0,2321.0,-22054.4262,-16527.6072,-14141.354591304344,5526.819000000002,165804.5700000001,2386.252608695653,71587.5782608696,-87760.0,-67840.0,-92840.0,19920.0,-25000.0,0.0649869549979496,0.0,-0.0
2020-05-10,True,True,0.41,340,2500,625,2cd,1,2672.0,-2804.0,1424.0,2049.0,-19972.2792,-10914.492,-7912.6311334593565,9057.787199999997,271733.61599999986,3001.8608665406427,90055.82599621928,-106880.0,-56960.0,-81960.0,49920.0,-25000.0,0.07341988068043626,253.89,-524.39
2020-06-22,True,True,0.41,340,2500,625,2cd,1,3435.0,-1099.0,2922.0,2407.0,-26592.366,-21686.6526,-19300.399991304348,4905.7134000000015,147171.402,2386.252608695653,71587.5782608696,-137400.0,-116880.0,-96280.0,20520.0,20600.0,0.19577237058682795,0.0,-0.0
2020-06-23,True,True,0.41,340,2500,625,2cd,1,2540.0,-481.0,2268.0,2543.0,-25685.0884,-23642.0342,-21255.781591304345,2043.0541999999987,61291.62599999996,2386.252608695657,71587.5782608697,-101600.0,-90720.0,-101720.0,10880.0,-11000.0,0.10785276524136568,0.0,-0.0
2020-06-24,True,True,0.41,340,2500,625,2cd,1,2728.0,-2668.0,1632.0,1883.0,-22154.6196,-12173.113,-9831.8329268431,9981.5066,299445.19800000003,2341.280073156899,70238.40219470696,-109120.0,-65280.0,-75320.0,43840.0,-10040.0,0.08722519515144356,0.0,-223.86
2020-06-25,True,True,0.41,340,2500,625,2cd,1,1552.0,-2359.0,970.0,1595.0,-7326.612799999999,-3205.9698,-2927.615860869565,4120.642999999999,123619.28999999998,278.3539391304344,8350.61817391303,-62080.0,-38800.0,-63800.0,23280.0,-25000.0,,2881.479243856333,-62.97258979206049
2020-06-26,True,True,0.41,340,2500,625,2cd,1,1000.0,-1964.0,686.0,935.0,-8741.847300000001,-4477.8264,-2455.096160869565,4264.020900000001,127920.62700000005,2022.730239130435,60681.907173913045,-40000.0,-27440.0,-37400.0,12560.0,-9960.0,0.0556677465899873,1901.6385255198486,-250.921550094518
2020-06-27,True,True,0.41,340,2500,625,2cd,1,1245.0,-861.0,1016.0,1293.0,-12562.3556,-8983.5852,-6795.645313799621,3578.7703999999994,107363.11199999998,2187.939886200378,65638.19658601134,-49800.0,-40640.0,-51720.0,9160.0,-11080.0,0.09032191296439927,0.0,-0.0
2020-06-28,True,True,0.41,340,2500,625,2cd,1,2010.0,-848.0,1700.0,1719.391304347826,-19791.3234,-16959.9418,-14573.689191304347,2831.381600000001,84941.44800000003,2386.252608695653,71587.5782608696,-80400.0,-68000.0,-68775.65217391304,12400.0,-775.6521739130403,0.13730994064719226,0.0,-0.0
2020-07-13,True,True,0.41,340,2500,625,2cd,1,2623.4709999999995,-1127.0,1764.4709999999993,2389.4709999999995,-20426.0155664,-16961.5802664,-14575.327657704349,3464.435299999997,103933.05899999992,2386.252608695653,71587.5782608696,-104938.83999999998,-70578.83999999997,-95578.83999999998,34360.0,-25000.0,0.0649869549979496,0.0,-0.0
2020-07-14,True,True,0.41,340,2500,625,2cd,1,3173.045,-1954.0,2678.045,3303.045,-28860.94371330001,-23673.881413299998,-21287.628804604352,5187.062299999998,155611.86899999995,2386.252608695649,71587.57826086949,-126921.8,-107121.8,-132121.8,19800.0,-24999.999999999985,0.0649869549979496,0.0,-0.0
2020-07-15,True,True,0.41,340,2500,625,2cd,1,2078.301,-1024.0,1787.5839999999994,2235.154,-22121.6048517,-19013.213951700003,-16626.961343004346,3108.390899999999,93251.72699999996,2386.252608695653,71587.5782608696,-83132.04,-71503.35999999999,-89406.16,11628.680000000008,-17902.800000000017,0.08715844859752031,0.0,-0.0
2020-07-16,True,True,0.41,340,2500,625,2cd,1,3082.848,-2129.0,1521.995,1953.33,-25024.4513057,-16458.497876100002,-13699.245267404349,8565.953429600002,256978.60288800005,2759.2526086956486,82777.57826086949,-123313.92,-60879.8,-78133.2,62434.12,-17253.4,0.09940469381391526,88.52142000000003,-256.25
2020-07-17,True,True,0.41,340,2500,625,2cd,1,2334.505,-659.0,2008.09,2632.505,-24752.08628,-22810.71158000001,-20424.458971304342,1941.3746999999967,58241.2409999999,2386.252608695653,71587.5782608696,-93380.2,-80323.6,-105300.2,13056.600000000004,-24976.60000000001,0.06506181827984281,0.0,-0.0
2020-07-18,True,True,0.41,340,2500,625,2cd,1,1707.089,-1699.0,1430.132,1925.0,-19224.7660618,-13646.7423618,-11392.065209670132,5578.0237000000025,167340.71100000007,2254.677152129867,67640.31456389601,-68283.56,-57205.28,-77000.0,11078.28,-19794.72,0.06934148620833258,0.0,-0.0
2020-07-19,True,True,0.41,340,2500,625,2cd,1,1607.73,-1142.0,1254.026,1879.026,-16250.6544625,-11564.853062499995,-9213.951627536297,4685.8014,140574.04200000002,2350.901434963704,70527.04304891112,-64309.2,-50161.04,-75161.04000000001,14148.159999999994,-25000.00000000001,0.061675428221949824,0.0,-0.0
2020-03-16,True,True,0.41,340,3000,750,2cd,1,2881.0,-2977.0,1654.0,1654.0,-23047.9378,-10890.5644,-8287.72771304348,12157.3734,364721.2020000001,2602.83668695652,78085.10060869559,-115240.0,-66160.0,-66160.0,49080.0,0.0,0.100812647646914,600.3965217391304,-289.67391304347825
2020-03-17,True,True,0.41,340,3000,750,2cd,1,3564.0,-2809.0,1660.0,1918.0,-24679.7444,-12274.1086,-8374.982913043477,12405.6358,372169.07399999996,3899.125686956522,116973.77060869565,-142560.0,-66400.0,-76720.0,76160.0,-10320.0,0.12407719832407448,377.1322117202269,-904.8676748582228
2020-03-18,True,True,0.41,340,3000,750,2cd,1,2061.0,-2783.0,1658.0,1868.0,-21180.242000000002,-9607.8144,-6757.968313043479,11572.4276,347172.828,2849.846086956521,85495.38260869563,-82440.0,-66320.0,-74720.0,16120.0,-8400.0,0.08923446537044799,1261.8689603024575,-406.8998109640831
2020-03-19,True,True,0.41,340,3000,750,2cd,1,1653.0,-2746.0,1012.0,1540.0,-15497.4996,-6300.2739999999985,-4191.456113043478,9197.2256,275916.768,2108.8178869565218,63264.536608695664,-66120.0,-40480.0,-61600.0,25640.0,-21120.0,0.023370987961789158,2728.1716446124765,-55.22211720226854
2020-03-20,True,True,0.41,340,3000,750,2cd,1,1427.0,-2804.0,972.0,1490.0,-15235.138600000002,-5851.1872,-3766.8661130434784,9383.951400000002,281518.54200000013,2084.321086956522,62529.63260869565,-57080.0,-38880.0,-59600.0,18200.0,-20720.0,0.02275207268137169,2957.277844990548,-51.346880907372466
2020-03-21,True,True,0.41,340,3000,750,2cd,1,1534.0,-2599.0,1222.0,1520.0,-16343.2508,-8004.2636,-5932.190913043478,8338.9872,250169.616,2072.0726869565224,62162.18060869567,-61360.0,-48880.0,-60800.0,12480.0,-11920.0,0.048385427794573437,1988.1595463138,-37.78355387523622
2020-03-22,True,True,0.41,340,3000,750,2cd,1,1172.0,-2664.0,806.0,1556.0,-9834.1265,-5464.160400000002,-3216.5273130434784,4369.9661,131098.98299999998,2247.6330869565218,67428.99260869567,-46880.0,-32240.0,-62240.0,14640.0,-30000.0,-0.03272515457751346,2280.756862003781,-389.46124763705114
2020-04-06,True,True,0.41,340,3000,750,2cd,1,1982.0,-2300.0,1172.0,1576.0,-14098.2394,-7416.160599999997,-4719.419513043478,6682.0787999999975,200462.364,2696.741086956521,80902.23260869563,-79280.0,-46880.0,-63040.0,32400.0,-16160.0,0.051177738989335315,1289.8280529300569,-482.4669187145558
2020-04-07,True,True,0.41,340,3000,750,2cd,1,1753.0,-2763.0,1552.0,2302.0,-19039.1088,-8566.8236,-6553.9515130434775,10472.285200000002,314168.55600000004,2012.8720869565225,60386.162608695675,-70120.0,-62080.0,-92080.0,8040.0,-30000.0,-0.01325332481172381,1791.8044990548206,-9.688090737239973
2020-04-08,True,True,0.41,340,3000,750,2cd,1,1342.0,-2683.0,1230.0,1980.0,-14913.468,-6497.8822,-4505.4241130434775,8415.585799999999,252467.574,1992.4580869565216,59773.742608695655,-53680.0,-49200.0,-79200.0,4480.0,-30000.0,-0.014567191746361785,3010.8,-0.0
2020-04-09,True,True,0.41,340,3000,750,2cd,1,1403.0,-2702.0,1028.0,1730.0,-15992.159200000002,-7034.0116,-4739.426313043477,8958.147600000002,268744.42800000013,2294.585286956521,68837.55860869566,-56120.0,-41120.0,-69200.0,15000.0,-28080.0,0.010104685750091713,2929.010586011342,-143.38374291115312
2020-04-10,True,True,0.41,340,3000,750,2cd,1,2034.0,-2439.0,1034.0,1756.0,-15447.970700000002,-7604.2358,-5611.777713043478,7843.734900000001,235312.04700000005,1992.4580869565225,59773.74260869568,-81360.0,-41360.0,-70240.0,40000.0,-28880.0,-0.009926443241331406,1851.7200000000007,-0.0
2020-04-11,True,True,0.41,340,3000,750,2cd,1,1342.0,-431.0,1158.0,1872.0,-15785.060199999998,-14416.5368,-11553.03366956522,1368.5233999999982,41055.701999999954,2863.503130434781,85905.09391304344,-53680.0,-46320.0,-74880.0,7360.0,-28560.0,0.06880992639344474,0.0,-0.0
2020-04-12,True,True,0.41,340,3000,750,2cd,1,1332.0,-3030.0,1332.0,1720.0,-13704.327400000002,-6929.064,-4936.605913043479,6775.263400000003,203257.9020000001,1992.4580869565216,59773.742608695655,-53280.0,-53280.0,-68800.0,0.0,-15520.0,0.03476128712331161,4241.64,-0.0
2020-05-04,True,True,0.41,340,3000,750,2cd,1,1178.0,-2545.0,942.0,1548.0,-13355.45,-5483.8826,-3787.4275130434776,7871.567400000001,236147.02200000003,1696.4550869565219,50893.652608695666,-47120.0,-37680.0,-61920.0,9440.0,-24240.0,-0.02755646298272707,3123.12,-0.0
2020-05-05,True,True,0.41,340,3000,750,2cd,1,1517.0,-356.0,1284.0,1990.0,-15373.0521,-13717.176000000001,-10853.672869565216,1655.8761000000013,49676.28300000004,2863.5031304347826,85905.0939130435,-60680.0,-51360.0,-79600.0,9320.0,-28240.0,0.06965507890272282,0.0,-0.0
2020-05-06,True,True,0.41,340,3000,750,2cd,1,1387.0,-804.0,1008.0,1502.0,-13917.9348,-10064.8348,-7395.7388241965955,3853.099999999999,115592.99999999994,2669.0959758034032,80072.8792741021,-55480.0,-40320.0,-60080.0,15160.0,-19760.0,0.0770106238624253,0.0,-0.0
2020-05-07,True,True,0.41,340,3000,750,2cd,1,2408.0,-2929.0,1422.0,1734.0,-22149.7157,-9719.7308,-7284.288913043478,12429.9849,372899.547,2435.4418869565216,73063.25660869565,-96320.0,-56880.0,-69360.0,39440.0,-12480.0,0.06205252281793494,963.7836294896033,-210.2315689981095
2020-05-08,True,True,0.41,340,3000,750,2cd,1,2133.0,-1474.0,2120.0,2540.0,-23784.7091,-17438.908600000002,-14676.501446124763,6345.800499999998,190374.015,2762.40715387524,82872.21461625719,-85320.0,-84800.0,-101600.0,520.0,-16800.0,0.08364770994113258,0.0,-106.6
2020-05-09,True,True,0.41,340,3000,750,2cd,1,2194.0,-1400.0,1696.0,2446.0,-22054.4262,-16527.6072,-13677.35910283554,5526.819000000002,165804.5700000001,2850.2480971644604,85507.4429149338,-87760.0,-67840.0,-97840.0,19920.0,-30000.0,0.0639549375391113,0.0,-0.0
2020-05-10,True,True,0.41,340,3000,750,2cd,1,2672.0,-2804.0,1424.0,2174.0,-19972.2792,-10914.492,-7444.729155765594,9057.787199999997,271733.61599999986,3469.762844234405,104092.88532703213,-106880.0,-56960.0,-86960.0,49920.0,-30000.0,0.06736177604553029,205.14,-575.64
2020-06-22,True,True,0.41,340,3000,750,2cd,1,3435.0,-1099.0,2922.0,2532.0,-26592.366,-21686.6526,-18839.560463138,4905.7134000000015,147171.402,2847.092136862004,85412.76410586011,-137400.0,-116880.0,-101280.0,20520.0,15600.0,0.17428286975264615,0.0,-0.0
2020-06-23,True,True,0.41,340,3000,750,2cd,1,2540.0,-481.0,2268.0,2668.0,-25685.0884,-23642.0342,-20778.53106956521,2043.0541999999987,61291.62599999996,2863.503130434787,85905.0939130436,-101600.0,-90720.0,-106720.0,10880.0,-16000.0,0.10094076687316922,0.0,-0.0
2020-06-24,True,True,0.41,340,3000,750,2cd,1,2728.0,-2668.0,1632.0,2008.0,-22154.6196,-12173.113000000001,-9460.307075236296,9981.5066,299445.19800000003,2712.805924763705,81384.17774291114,-109120.0,-65280.0,-80320.0,43840.0,-15040.0,0.07562051706714312,0.0,-223.86
2020-06-25,True,True,0.41,340,3000,750,2cd,1,1552.0,-2359.0,970.0,1720.0,-7326.612799999999,-3205.9698,-3065.0615130434785,4120.642999999999,123619.28999999998,140.90828695652138,4227.2486086956405,-62080.0,-38800.0,-68800.0,23280.0,-30000.0,,2881.479243856333,-62.97258979206047
2020-06-26,True,True,0.41,340,3000,750,2cd,1,1000.0,-1964.0,686.0,1060.0,-8741.847300000001,-4477.8264,-2540.4861130434783,4264.020900000001,127920.62700000005,1937.3402869565216,58120.208608695655,-40000.0,-27440.0,-42400.0,12560.0,-14960.0,0.008617837355264557,1901.6385255198486,-250.921550094518
2020-06-27,True,True,0.41,340,3000,750,2cd,1,1245.0,-861.0,1016.0,1418.0,-12562.3556,-8983.5852,-6756.198876748582,3578.7703999999994,107363.11199999998,2227.3863232514177,66821.58969754253,-49800.0,-40640.0,-56720.0,9160.0,-16080.0,0.05245020554573143,0.0,-0.0
2020-06-28,True,True,0.41,340,3000,750,2cd,1,2010.0,-848.0,1700.0,1798.0,-19791.3234,-16959.9418,-14096.438669565216,2831.381600000001,84941.44800000003,2863.5031304347826,85905.0939130435,-80400.0,-68000.0,-71920.0,12400.0,-3920.0,0.13024470409254074,0.0,-0.0
2020-07-13,True,True,0.41,340,3000,750,2cd,1,2623.4709999999995,-1127.0,1764.4709999999993,2514.4709999999995,-20426.0155664,-16961.5802664,-14098.077135965215,3464.435299999997,103933.05899999992,2863.5031304347826,85905.0939130435,-104938.83999999998,-70578.83999999997,-100578.83999999998,34360.0,-30000.0,0.0649869549979496,0.0,-0.0
2020-07-14,True,True,0.41,340,3000,750,2cd,1,3173.045,-1954.0,2678.045,3428.045,-28860.943713300006,-23673.8814133,-20810.37828286521,5187.062299999998,155611.86899999995,2863.5031304347826,85905.0939130435,-126921.8,-107121.8,-137121.8,19800.0,-29999.999999999985,0.06498695499794982,0.0,-0.0
2020-07-15,True,True,0.41,340,3000,750,2cd,1,2078.301,-1024.0,1787.5839999999994,2360.154,-22121.6048517,-19013.213951700003,-16149.710821265215,3108.390899999999,93251.72699999996,2863.503130434781,85905.09391304344,-83132.04,-71503.35999999999,-94406.16,11628.680000000008,-22902.80000000001,0.08353235756721089,0.0,-0.0
2020-07-16,True,True,0.41,340,3000,750,2cd,1,3082.848,-2129.0,1521.995,2078.33,-25024.4513057,-16458.497876100002,-13147.394745665215,8565.953429600002,256978.60288800005,3311.1031304347816,99333.09391304344,-123313.92,-60879.8,-83133.2,62434.12,-22253.4,0.09553451938029343,39.771420000000035,-307.5
2020-07-17,True,True,0.41,340,3000,750,2cd,1,2334.505,-659.0,2008.09,2757.505,-24752.08628,-22810.71158000001,-19947.20844956522,1941.3746999999967,58241.2409999999,2863.5031304347795,85905.09391304338,-93380.2,-80323.6,-110300.2,13056.600000000004,-29976.60000000001,0.0650493419506526,0.0,-0.0
2020-07-18,True,True,0.41,340,3000,750,2cd,1,1707.089,-1699.0,1430.132,2050.0,-19224.7660618,-13646.7423618,-10941.640350501892,5578.0237000000025,167340.71100000007,2705.1020112981096,81153.0603389433,-68283.56,-57205.28,-82000.0,11078.28,-24794.72,0.06654464863979292,0.0,-0.0
2020-07-19,True,True,0.41,340,3000,750,2cd,1,1607.73,-1142.0,1254.026,1884.4442419659729,-16250.6544625,-11564.853062499995,-8802.976272148771,4685.8014,140574.04200000002,2761.8767903512294,82856.30371053687,-64309.2,-50161.04,-75377.76967863893,14148.159999999994,-25216.729678638927,0.06981117780370227,0.0,-0.0
2020-03-16,True,True,0.41,340,3500,875,2cd,1,2881.0,-2977.0,1654.0,1654.0,-23047.9378,-10890.5644,-7955.651365217393,12157.3734,364721.2020000001,2934.9130347826067,88047.3910434782,-115240.0,-66160.0,-66160.0,49080.0,0.0,0.0974844593363573,600.3965217391304,-289.67391304347814
2020-03-17,True,True,0.41,340,3500,875,2cd,1,3564.0,-2809.0,1660.0,2043.0,-24679.7444,-12274.1086,-7787.731565217391,12405.6358,372169.074,4486.377034782609,134591.31104347823,-142560.0,-66400.0,-81720.0,76160.0,-15320.0,0.11531916727947356,261.9384499054822,-1025.9688090737238
2020-03-18,True,True,0.41,340,3500,875,2cd,1,2061.0,-2783.0,1658.0,1993.0,-21180.242,-9607.8144,-6425.891965217393,11572.4276,347172.828,3181.9224347826084,95457.67304347824,-82440.0,-66320.0,-79720.0,16120.0,-13400.0,0.07649399124695155,1261.8689603024575,-406.8998109640832
2020-03-19,True,True,0.41,340,3500,875,2cd,1,1653.0,-2746.0,1012.0,1665.0,-15497.4996,-6300.2739999999985,-4014.526165217391,9197.2256,275916.768,2285.747834782608,68572.43504347824,-66120.0,-40480.0,-66600.0,25640.0,-26120.0,0.00566150123316822,2728.1716446124765,-55.22211720226848
2020-03-20,True,True,0.41,340,3500,875,2cd,1,1427.0,-2804.0,972.0,1615.0,-15235.138600000002,-5851.1872,-3758.3516652173907,9383.951400000002,281518.54200000013,2092.835534782609,62785.06604347827,-57080.0,-38880.0,-64600.0,18200.0,-25720.0,-0.010904881717630157,2957.277844990548,-51.346880907372544
2020-03-21,True,True,0.41,340,3500,875,2cd,1,1534.0,-2599.0,1222.0,1645.0,-16343.2508,-8004.2636,-5600.114565217391,8338.9872,250169.616,2404.149034782609,72124.47104347828,-61360.0,-48880.0,-65800.0,12480.0,-16920.0,0.04065412981295924,1988.1595463138,-37.78355387523617
2020-03-22,True,True,0.41,340,3500,875,2cd,1,1172.0,-2664.0,806.0,1681.0,-9834.1265,-5464.160400000002,-3353.9729652173914,4369.9661,131098.98299999998,2110.1874347826088,63305.62304347827,-46880.0,-32240.0,-67240.0,14640.0,-35000.0,-0.10025885875151053,2280.756862003781,-389.46124763705114
2020-04-06,True,True,0.41,340,3500,875,2cd,1,1982.0,-2300.0,1172.0,1701.0,-14098.2394,-7416.160599999997,-4601.690165217391,6682.0787999999975,200462.36399999997,2814.470434782608,84434.11304347825,-79280.0,-46880.0,-68040.0,32400.0,-21160.0,0.027594286804267343,1289.8280529300569,-482.4669187145558
2020-04-07,True,True,0.41,340,3500,875,2cd,1,1753.0,-2763.0,1552.0,2427.0,-19039.1088,-8566.8236,-6221.875165217391,10472.285200000002,314168.55600000004,2344.9484347826087,70348.45304347826,-70120.0,-62080.0,-97080.0,8040.0,-35000.0,-0.01344048086470806,1791.8044990548206,-9.688090737240088
2020-04-08,True,True,0.41,340,3500,875,2cd,1,1342.0,-2683.0,1230.0,2105.0,-14913.468,-6497.8822,-4351.970265217392,8415.585799999999,252467.574,2145.911934782608,64377.35804347824,-53680.0,-49200.0,-84200.0,4480.0,-35000.0,-0.03552061288592824,3010.8,-0.0
2020-04-09,True,True,0.41,340,3500,875,2cd,1,1403.0,-2702.0,1028.0,1855.0,-15992.159200000002,-7034.0116,-4419.598365217392,8958.147600000002,268744.42800000013,2614.413234782608,78432.39704347824,-56120.0,-41120.0,-74200.0,15000.0,-33080.0,0.005826923990708055,2929.010586011342,-143.38374291115298
2020-04-10,True,True,0.41,340,3500,875,2cd,1,2034.0,-2439.0,1034.0,1881.0,-15447.970700000002,-7604.2358,-5279.701365217392,7843.734900000001,235312.04700000005,2324.5344347826085,69736.03304347825,-81360.0,-41360.0,-75240.0,40000.0,-33880.0,-0.010573176220722735,1851.7200000000007,-0.0
2020-04-11,True,True,0.41,340,3500,875,2cd,1,1342.0,-431.0,1158.0,1997.0,-15785.060199999998,-14416.5368,-11075.783147826089,1368.5233999999982,41055.701999999954,3340.753652173913,100222.6095652174,-53680.0,-46320.0,-79880.0,7360.0,-33560.0,0.0682657809950118,0.0,-0.0
2020-04-12,True,True,0.41,340,3500,875,2cd,1,1332.0,-3030.0,1332.0,1845.0,-13704.327400000002,-6929.064,-4808.66956521739,6775.263400000003,203257.90200000012,2120.394434782609,63611.83304347827,-53280.0,-53280.0,-73800.0,0.0,-20520.0,0.012649818816723668,4241.64,-0.0
2020-05-04,True,True,0.41,340,3500,875,2cd,1,1178.0,-2545.0,942.0,1673.0,-13355.45,-5483.8826,-3898.334965217392,7871.567400000001,236147.02200000003,1585.5476347826086,47566.42904347825,-47120.0,-37680.0,-66920.0,9440.0,-29240.0,-0.08902399899632041,3123.12,-0.0
2020-05-05,True,True,0.41,340,3500,875,2cd,1,1517.0,-356.0,1284.0,2115.0,-15373.0521,-13717.176,-10376.422347826086,1655.8761000000013,49676.28300000004,3340.753652173913,100222.6095652174,-60680.0,-51360.0,-84600.0,9320.0,-33240.0,0.06899116292096052,0.0,-0.0
2020-05-06,True,True,0.41,340,3500,875,2cd,1,1387.0,-804.0,1008.0,1627.0,-13917.9348,-10064.8348,-7063.6624763705095,3853.099999999999,115592.99999999994,3001.172323629491,90035.16970888473,-55480.0,-40320.0,-65080.0,15160.0,-24760.0,0.06575314169494173,0.0,-0.0
2020-05-07,True,True,0.41,340,3500,875,2cd,1,2408.0,-2929.0,1422.0,1859.0,-22149.7157,-9719.7308,-6985.895665217391,12429.9849,372899.547,2733.8351347826087,82015.05404347825,-96320.0,-56880.0,-74360.0,39440.0,-17480.0,0.05030651258205476,963.7836294896033,-210.2315689981095
2020-05-08,True,True,0.41,340,3500,875,2cd,1,2133.0,-1474.0,2120.0,2489.196597353497,-23784.7091,-17438.908600000002,-14304.975594517957,6345.800499999998,190374.015,3133.9330054820452,94017.99016446137,-85320.0,-84800.0,-99567.86389413988,520.0,-14767.863894139882,0.08967183292873028,0.0,-106.6
2020-05-09,True,True,0.41,340,3500,875,2cd,1,2194.0,-1400.0,1696.0,2571.0,-22054.4262,-16527.6072,-13232.299376181474,5526.819000000002,165804.5700000001,3295.307823818525,98859.23471455573,-87760.0,-67840.0,-102840.0,19920.0,-35000.0,0.061947090135167526,0.0,-0.0
2020-05-10,True,True,0.41,340,3500,875,2cd,1,2672.0,-2804.0,1424.0,2299.0,-19972.2792,-10914.492,-6998.603304158792,9057.787199999997,271733.61599999986,3915.8886958412104,117476.66087523632,-106880.0,-56960.0,-91960.0,49920.0,-35000.0,0.06152337981118205,156.39,-626.89
2020-06-22,True,True,0.41,340,3500,875,2cd,1,3435.0,-1099.0,2922.0,2657.0,-26592.366,-21686.6526,-18389.13560396976,4905.7134000000015,147171.402,3297.5169960302483,98925.50988090746,-137400.0,-116880.0,-106280.0,20520.0,10600.0,0.15807322477815378,0.0,-0.0
2020-06-23,True,True,0.41,340,3500,875,2cd,1,2540.0,-481.0,2268.0,2793.0,-25685.0884,-23642.0342,-20301.280547826085,2043.0541999999987,61291.62599999996,3340.753652173917,100222.6095652175,-101600.0,-90720.0,-111720.0,10880.0,-21000.0,0.09595333335710564,0.0,-0.0
2020-06-24,True,True,0.41,340,3500,875,2cd,1,2728.0,-2668.0,1632.0,2133.0,-22154.6196,-12173.113,-9088.78122362949,9981.5066,299445.19800000003,3084.331776370509,92529.95329111523,-109120.0,-65280.0,-85320.0,43840.0,-20040.0,0.06715681747761071,0.0,-223.86
2020-06-25,True,True,0.41,340,3500,875,2cd,1,1552.0,-2359.0,970.0,1845.0,-7326.612799999999,-3205.9698,-3202.5071652173906,4120.642999999999,123619.28999999998,3.4626347826088018,103.87904347826408,-62080.0,-38800.0,-73800.0,23280.0,-35000.0,,2881.479243856333,-62.972589792060525
2020-06-26,True,True,0.41,340,3500,875,2cd,1,1000.0,-1964.0,686.0,1185.0,-8741.847300000001,-4477.8264,-2677.9317652173913,4264.020900000001,127920.62700000005,1799.8946347826086,53996.83904347825,-40000.0,-27440.0,-47400.0,12560.0,-19960.0,-0.046215416361864325,1901.6385255198486,-250.921550094518
2020-06-27,True,True,0.41,340,3500,875,2cd,1,1245.0,-861.0,1016.0,1543.0,-12562.3556,-8983.5852,-6814.745521361059,3578.7703999999994,107363.11199999998,2168.8396786389403,65065.190359168206,-49800.0,-40640.0,-61720.0,9160.0,-21080.0,0.015052537809003175,0.0,-0.0
2020-06-28,True,True,0.41,340,3500,875,2cd,1,2010.0,-848.0,1700.0,1923.0,-19791.3234,-16959.9418,-13620.766127977313,2831.381600000001,84941.44800000003,3339.175672022688,100175.27016068065,-80400.0,-68000.0,-76920.0,12400.0,-8920.0,0.12124822406100133,0.0,-0.0
2020-07-13,True,True,0.41,340,3500,875,2cd,1,2623.4709999999995,-1127.0,1764.4709999999993,2639.4709999999995,-20426.0155664,-16961.5802664,-13628.157594412663,3464.435299999997,103933.05899999992,3333.4226719873373,100002.6801596201,-104938.83999999998,-70578.83999999997,-105578.83999999998,34360.0,-35000.0,0.06449801855206139,0.0,-0.0
2020-07-14,True,True,0.41,340,3500,875,2cd,1,3173.045,-1954.0,2678.045,3553.045,-28860.943713300003,-23673.881413299998,-20333.12776112609,5187.062299999998,155611.86899999995,3340.7536521739094,100222.60956521727,-126921.8,-107121.8,-142121.8,19800.0,-34999.999999999985,0.0649869549979496,0.0,-0.0
2020-07-15,True,True,0.41,340,3500,875,2cd,1,2078.301,-1024.0,1787.5839999999994,2485.154,-22121.6048517,-19013.213951700003,-15672.460299526085,3108.390899999999,93251.72699999996,3340.753652173915,100222.60956521744,-83132.04,-71503.35999999999,-99406.16,11628.680000000008,-27902.80000000001,0.08092640822943452,0.0,-0.0
2020-07-16,True,True,0.41,340,3500,875,2cd,1,3082.848,-2129.0,1521.995,2203.33,-25024.4513057,-16458.497876100002,-12633.56003136465,8565.953429600002,256978.60288800005,3824.937844735348,114748.13534206044,-123313.92,-60879.8,-88133.2,62434.12,-27253.4,0.09095093189319736,0.0,-349.31098000000014
2020-07-17,True,True,0.41,340,3500,875,2cd,1,2334.505,-659.0,2008.09,2882.505,-24752.08628,-22810.711580000007,-19469.95792782609,1941.3746999999967,58241.2409999999,3340.753652173913,100222.6095652174,-93380.2,-80323.6,-115300.2,13056.600000000004,-34976.60000000001,0.06504043007039018,0.0,-0.0
2020-07-18,True,True,0.41,340,3500,875,2cd,1,1707.089,-1699.0,1430.132,2175.0,-19224.7660618,-13646.7423618,-10539.317691475617,5578.0237000000025,167340.71100000007,3107.424670324385,93222.74010973153,-68283.56,-57205.28,-87000.0,11078.28,-29794.72,0.06131454591596985,0.0,-0.0
2020-07-19,True,True,0.41,340,3500,875,2cd,1,1607.73,-1142.0,1254.026,1789.118,-16250.6544625,-11564.853062499995,-8428.948059618147,4685.8014,140574.04200000002,3135.905002881851,94077.15008645553,-64309.2,-50161.04,-71564.72,14148.159999999994,-21403.68,0.08208329834513982,0.0,-0.0
2020-03-16,True,True,0.41,340,4000,1000,2cd,1,2881.0,-2977.0,1654.0,1748.0,-23047.9378,-10890.5644,-7623.575017391307,12157.3734,364721.20200000005,3266.989382608693,98009.6814782608,-115240.0,-66160.0,-69920.0,49080.0,-3760.0,0.08785370665475799,600.3965217391304,-289.67391304347814
2020-03-17,True,True,0.41,340,4000,1000,2cd,1,3564.0,-2809.0,1660.0,2168.0,-24679.7444,-12274.1086,-7225.545817391305,12405.6358,372169.07399999996,5048.562782608695,151456.88347826086,-142560.0,-66400.0,-86720.0,76160.0,-20320.0,0.1082527335500385,163.12468809073715,-1129.849943289225
2020-03-18,True,True,0.41,340,4000,1000,2cd,1,2061.0,-2783.0,1658.0,2118.0,-21180.242000000002,-9607.8144,-6112.188217391304,11572.4276,347172.828,3495.626182608696,104868.78547826086,-82440.0,-66320.0,-84720.0,16120.0,-18400.0,0.06564516694454592,1261.8689603024575,-406.8998109640832
2020-03-19,True,True,0.41,340,4000,1000,2cd,1,1653.0,-2746.0,1012.0,1790.0,-15497.4996,-6300.2739999999985,-3951.9146173913036,9197.2256,275916.768,2348.3593826086953,70450.78147826086,-66120.0,-40480.0,-71600.0,25640.0,-31120.0,-0.020199636706337287,2728.1716446124765,-55.22211720226846
2020-03-20,True,True,0.41,340,4000,1000,2cd,1,1427.0,-2804.0,972.0,1740.0,-15235.138600000002,-5851.1872,-3796.789417391305,9383.951400000002,281518.54200000013,2054.397782608696,61631.93347826088,-57080.0,-38880.0,-69600.0,18200.0,-30720.0,-0.050806263449717504,2957.277844990548,-51.34688090737246
2020-03-21,True,True,0.41,340,4000,1000,2cd,1,1534.0,-2599.0,1222.0,1770.0,-16343.2508,-8004.2636,-5268.038217391304,8338.9872,250169.616,2736.225382608696,82086.76147826089,-61360.0,-48880.0,-70800.0,12480.0,-21920.0,0.0347470409487447,1988.1595463138,-37.783553875236265
2020-03-22,True,True,0.41,340,4000,1000,2cd,1,1172.0,-2664.0,806.0,1806.0,-9834.1265,-5464.160400000002,-3491.4186173913045,4369.9661,131098.98299999998,1972.741782608696,59182.253478260885,-46880.0,-32240.0,-72240.0,14640.0,-40000.0,-0.1880301100714824,2280.756862003781,-389.46124763705114
2020-04-06,True,True,0.41,340,4000,1000,2cd,1,1982.0,-2300.0,1172.0,1826.0,-14098.2394,-7416.160599999998,-4483.960817391304,6682.078799999998,200462.364,2932.199782608696,87965.99347826086,-79280.0,-46880.0,-73040.0,32400.0,-26160.0,0.007729252626857086,1289.8280529300569,-482.4669187145559
2020-04-07,True,True,0.41,340,4000,1000,2cd,1,1753.0,-2763.0,1552.0,2552.0,-19039.1088,-8566.8236,-5889.798817391304,10472.285200000002,314168.55600000004,2677.024782608696,80310.74347826088,-70120.0,-62080.0,-102080.0,8040.0,-40000.0,-0.01358096524280672,1791.8044990548206,-9.688090737240113
2020-04-08,True,True,0.41,340,4000,1000,2cd,1,1342.0,-2683.0,1230.0,2230.0,-14913.468,-6497.8822,-4457.774217391305,8415.585799999999,252467.574,2040.1079826086955,61203.23947826086,-53680.0,-49200.0,-89200.0,4480.0,-40000.0,-0.0886664831631312,3010.8,-0.0
2020-04-09,True,True,0.41,340,4000,1000,2cd,1,1403.0,-2702.0,1028.0,1980.0,-15992.159200000002,-7034.0116,-4434.5600173913035,8958.147600000002,268744.42800000013,2599.4515826086954,77983.54747826088,-56120.0,-41120.0,-79200.0,15000.0,-38080.0,-0.027913110321686863,2929.010586011342,-143.38374291115306
2020-04-10,True,True,0.41,340,4000,1000,2cd,1,2034.0,-2439.0,1034.0,2006.0,-15447.970700000002,-7604.2358,-5014.9912173913035,7843.734900000001,235312.04700000005,2589.244582608697,77677.3374782609,-81360.0,-41360.0,-80240.0,40000.0,-38880.0,-0.01729599830620865,1851.7200000000007,-0.0
2020-04-11,True,True,0.41,340,4000,1000,2cd,1,1342.0,-431.0,1158.0,2122.0,-15785.060199999998,-14416.5368,-10615.574811720227,1368.5233999999982,41055.701999999954,3800.961988279773,114028.85964839319,-53680.0,-46320.0,-84880.0,7360.0,-38560.0,0.06686855621861998,0.0,-0.0
2020-04-12,True,True,0.41,340,4000,1000,2cd,1,1332.0,-3030.0,1332.0,1970.0,-13704.327400000002,-6929.064,-4946.115217391305,6775.263400000003,203257.9020000001,1982.9487826086954,59488.46347826086,-53280.0,-53280.0,-78800.0,0.0,-25520.0,-0.032521228704294525,4241.64,-0.0
2020-05-04,True,True,0.41,340,4000,1000,2cd,1,1178.0,-2545.0,942.0,1798.0,-13355.45,-5483.8826,-4035.7806173913036,7871.567400000001,236147.02200000003,1448.1019826086956,43443.05947826088,-47120.0,-37680.0,-71920.0,9440.0,-34240.0,-0.16817439572109028,3123.12,-0.0
2020-05-05,True,True,0.41,340,4000,1000,2cd,1,1517.0,-356.0,1284.0,2240.0,-15373.0521,-13717.176000000001,-9982.489178071834,1655.8761000000013,49676.28300000004,3734.686821928166,112040.60465784498,-60680.0,-51360.0,-89600.0,9320.0,-38240.0,0.06364490909589371,0.0,-0.0
2020-05-06,True,True,0.41,340,4000,1000,2cd,1,1387.0,-804.0,1008.0,1752.0,-13917.9348,-10064.8348,-6731.5861285444225,3853.099999999999,115592.99999999994,3333.2486714555766,99997.46014366733,-55480.0,-40320.0,-70080.0,15160.0,-29760.0,0.05711926484014596,0.0,-0.0
2020-05-07,True,True,0.41,340,4000,1000,2cd,1,2408.0,-2929.0,1422.0,1984.0,-22149.7157,-9719.7308,-6740.578817391303,12429.9849,372899.547,2979.151982608695,89374.55947826085,-96320.0,-56880.0,-79360.0,39440.0,-22480.0,0.037963437576884466,963.7836294896033,-210.23156899810948
2020-05-08,True,True,0.41,340,4000,1000,2cd,1,2133.0,-1474.0,2120.0,2340.0,-23784.7091,-17438.908600000002,-13958.06623327032,6345.800499999998,190374.01499999996,3480.8423667296806,104425.27100189043,-85320.0,-84800.0,-93600.0,520.0,-8800.0,0.1001772795793674,0.0,-106.6
2020-05-09,True,True,0.41,340,4000,1000,2cd,1,2194.0,-1400.0,1696.0,2696.0,-22054.4262,-16527.6072,-12821.32402079395,5526.819000000002,165804.5700000001,3706.283179206048,111188.49537618144,-87760.0,-67840.0,-107840.0,19920.0,-40000.0,0.058421213914882524,0.0,-0.0
2020-05-10,True,True,0.41,340,4000,1000,2cd,1,2672.0,-2804.0,1424.0,2424.0,-19972.2792,-10914.492,-6628.504384120984,9057.787199999997,271733.61599999986,4285.987615879017,128579.6284763705,-106880.0,-56960.0,-96960.0,49920.0,-40000.0,0.05254973234392901,107.64,-678.14
2020-06-22,True,True,0.41,340,4000,1000,2cd,1,3435.0,-1099.0,2922.0,2782.0,-26592.366,-21686.6526,-17938.710744801512,4905.7134000000015,147171.402,3747.9418551984886,112438.25565595466,-137400.0,-116880.0,-111280.0,20520.0,5600.0,0.14573161477782934,0.0,-0.0
2020-06-23,True,True,0.41,340,4000,1000,2cd,1,2540.0,-481.0,2268.0,2918.0,-25685.0884,-23642.0342,-19824.030026086955,2043.0541999999987,61291.62599999996,3818.004173913047,114540.12521739141,-101600.0,-90720.0,-116720.0,10880.0,-26000.0,0.09218355070201543,0.0,-0.0
2020-06-24,True,True,0.41,340,4000,1000,2cd,1,2728.0,-2668.0,1632.0,2258.0,-22154.6196,-12173.113000000001,-8717.255372022684,9981.5066,299445.19800000003,3455.857627977315,103675.72883931945,-109120.0,-65280.0,-90320.0,43840.0,-25040.0,0.06070280457776511,0.0,-223.86
2020-06-25,True,True,0.41,340,4000,1000,2cd,1,1552.0,-2359.0,970.0,1970.0,-7326.612799999999,-3205.9698,-3339.9528173913045,4120.642999999999,123619.28999999998,-133.98301739130466,-4019.49052173914,-62080.0,-38800.0,-78800.0,23280.0,-40000.0,,2881.479243856333,-62.97258979206047
2020-06-26,True,True,0.41,340,4000,1000,2cd,1,1000.0,-1964.0,686.0,1310.0,-8741.847300000001,-4477.8264,-2815.3774173913043,4264.020900000001,127920.62700000005,1662.4489826086954,49873.46947826087,-40000.0,-27440.0,-52400.0,12560.0,-24960.0,-0.10686746534039293,1901.6385255198486,-250.92155009451798
2020-06-27,True,True,0.41,340,4000,1000,2cd,1,1245.0,-861.0,1016.0,1668.0,-12562.3556,-8983.5852,-6899.802232514178,3578.7703999999994,107363.11199999998,2083.782967485821,62513.489024574636,-49800.0,-40640.0,-66720.0,9160.0,-26080.0,-0.02385022377646007,0.0,-0.0
2020-06-28,True,True,0.41,340,4000,1000,2cd,1,2010.0,-848.0,1700.0,2048.0,-19791.3234,-16959.9418,-13170.341268809074,2831.381600000001,84941.44800000003,3789.600531190927,113688.01593572779,-80400.0,-68000.0,-81920.0,12400.0,-13920.0,0.1130803881748752,0.0,-0.0
2020-07-13,True,True,0.41,340,4000,1000,2cd,1,2623.4709999999995,-1127.0,1764.4709999999993,2764.4709999999995,-20426.0155664,-16961.5802664,-13177.732735244424,3464.435299999997,103933.05899999992,3783.8475311555776,113515.42593466732,-104938.83999999998,-70578.83999999997,-110578.83999999998,34360.0,-40000.0,0.06299021118905103,0.0,-0.0
2020-07-14,True,True,0.41,340,4000,1000,2cd,1,3173.045,-1954.0,2678.045,3678.045,-28860.9437133,-23673.8814133,-19855.877239386955,5187.062299999998,155611.86899999995,3818.0041739130434,114540.12521739131,-126921.8,-107121.8,-147121.8,19800.0,-39999.99999999999,0.06498695499794915,0.0,-0.0
2020-07-15,True,True,0.41,340,4000,1000,2cd,1,2078.301,-1024.0,1787.5839999999996,2610.154,-22121.6048517,-19013.213951700003,-15195.209777786955,3108.390899999999,93251.72699999996,3818.0041739130434,114540.12521739131,-83132.04,-71503.35999999999,-104406.16,11628.680000000008,-32902.80000000002,0.07896297376808126,0.0,-0.0
2020-07-16,True,True,0.41,340,4000,1000,2cd,1,3082.848,-2129.0,1521.995,2328.33,-25024.4513057,-16458.497876100002,-12197.700560184308,8565.953429600002,256978.60288800005,4260.797315915688,127823.91947747064,-123313.92,-60879.8,-93133.2,62434.12,-32253.4,0.08547107248153217,0.0,-349.3109800000001
2020-07-17,True,True,0.41,340,4000,1000,2cd,1,2334.505,-659.0,2008.09,3007.505,-24752.08628,-22810.711580000003,-18992.70740608696,1941.3746999999967,58241.2409999999,3818.0041739130434,114540.12521739131,-93380.2,-80323.6,-120300.2,13056.600000000004,-39976.60000000001,0.06503374604175116,0.0,-0.0
2020-07-18,True,True,0.41,340,4000,1000,2cd,1,1707.089,-1699.0,1430.132,2300.0,-19224.7660618,-13646.7423618,-10167.791839868809,5578.0237000000025,167340.71100000007,3478.950521931191,104368.51565793573,-68283.56,-57205.28,-92000.0,11078.28,-34794.72,0.05551699467923799,0.0,-0.0
2020-07-19,True,True,0.41,340,4000,1000,2cd,1,1607.73,-1142.0,1254.026,1914.118,-16250.6544625,-11564.853062499997,-8161.393333725897,4685.8014,140574.04200000002,3403.4597287741017,102103.79186322304,-64309.2,-50161.04,-76564.72,14148.159999999994,-26403.68,0.06798724298137926,0.0,-0.0
2020-03-16,True,True,0.41,340,5000,1250,2cd,1,2881.0,-2977.0,1654.0,1998.0,-23047.9378,-10890.5644,-6959.422321739131,12157.3734,364721.202,3931.1420782608684,117934.26234782605,-115240.0,-66160.0,-79920.0,49080.0,-13760.0,0.07015839203604646,600.3965217391304,-289.67391304347825
2020-03-17,True,True,0.41,340,5000,1250,2cd,1,3564.0,-2809.0,1660.0,2418.0,-24679.7444,-12274.1086,-6484.4437217391305,12405.6358,372169.074,5789.664878260869,173689.94634782607,-142560.0,-66400.0,-96720.0,76160.0,-30320.0,0.09037601012478769,160.32612476370505,-1132.79202268431
2020-03-18,True,True,0.41,340,5000,1250,2cd,1,2061.0,-2783.0,1658.0,2368.0,-21180.242,-9607.8144,-5948.17852173913,11572.427599999999,347172.828,3659.6358782608695,109789.07634782608,-82440.0,-66320.0,-94720.0,16120.0,-28400.0,0.02674610175309078,1261.8689603024573,-406.8998109640833
2020-03-19,True,True,0.41,340,5000,1250,2cd,1,1653.0,-2746.0,1012.0,2040.0,-15497.4996,-6300.273999999999,-4214.557521739131,9197.2256,275916.768,2085.716478260869,62571.49434782607,-66120.0,-40480.0,-81600.0,25640.0,-41120.0,-0.1174548700785385,2728.1716446124765,-55.22211720226846
2020-03-20,True,True,0.41,340,5000,1250,2cd,1,1427.0,-2804.0,972.0,1990.0,-15235.138600000002,-5851.1872,-4071.6807217391306,9383.951400000002,281518.5420000001,1779.5064782608697,53385.194347826095,-57080.0,-38880.0,-79600.0,18200.0,-40720.0,-0.17066802645664414,2957.277844990548,-51.34688090737249
2020-03-21,True,True,0.41,340,5000,1250,2cd,1,1534.0,-2599.0,1222.0,2020.0,-16343.2508,-8004.2636,-5246.92652173913,8338.9872,250169.61599999998,2757.33707826087,82720.1123478261,-61360.0,-48880.0,-80800.0,12480.0,-31920.0,-0.01319478827070153,1988.1595463137996,-37.78355387523636
2020-03-22,True,True,0.41,340,5000,1250,2cd,1,1172.0,-2664.0,806.0,2056.0,-9834.1265,-5464.160400000001,-3766.3099217391305,4369.9661,131098.98299999998,1697.8504782608702,50935.51434782611,-46880.0,-32240.0,-82240.0,14640.0,-50000.0,,2280.756862003781,-389.46124763705086
2020-04-06,True,True,0.41,340,5000,1250,2cd,1,1982.0,-2300.0,1172.0,2076.0,-14098.239399999999,-7416.160599999999,-4548.58792173913,6682.078799999999,200462.36399999997,2867.572678260869,86027.18034782607,-79280.0,-46880.0,-83040.0,32400.0,-36160.0,-0.05491234792175648,1289.8280529300569,-482.46691871455556
2020-04-07,True,True,0.41,340,5000,1250,2cd,1,1753.0,-2763.0,1552.0,2802.0,-19039.1088,-8566.8236,-5705.375121739131,10472.285200000002,314168.55600000004,2861.448478260869,85843.45434782606,-70120.0,-62080.0,-112080.0,8040.0,-50000.0,-0.05569263623698628,1791.80449905482,-9.688090737240264
2020-04-08,True,True,0.41,340,5000,1250,2cd,1,1342.0,-2683.0,1230.0,2480.0,-14913.467999999999,-6497.8822,-4732.665521739131,8415.585799999999,252467.57399999996,1765.2166782608692,52956.50034782608,-53680.0,-49200.0,-99200.0,4480.0,-50000.0,-0.29496994246294406,3010.8,-0.0
2020-04-09,True,True,0.41,340,5000,1250,2cd,1,1403.0,-2702.0,1028.0,2230.0,-15992.159200000002,-7034.0116,-4709.45132173913,8958.147600000002,268744.4280000001,2324.5602782608694,69736.80834782608,-56120.0,-41120.0,-89200.0,15000.0,-48080.0,-0.1312703693378342,2929.0105860113417,-143.38374291115315
2020-04-10,True,True,0.41,340,5000,1250,2cd,1,2034.0,-2439.0,1034.0,2256.0,-15447.970700000002,-7604.2358,-5255.17872173913,7843.734900000001,235312.04700000005,2349.05707826087,70471.7123478261,-81360.0,-41360.0,-90240.0,40000.0,-48880.0,-0.10986072541074865,1851.7200000000003,-0.0
2020-04-11,True,True,0.41,340,5000,1250,2cd,1,1342.0,-431.0,1158.0,2266.0,-15785.060199999998,-14416.5368,-10352.679209829868,1368.5233999999982,41055.70199999995,4063.8575901701315,121915.72770510394,-53680.0,-46320.0,-90640.0,7360.0,-44320.0,0.040283419321920366,0.0,-0.0
2020-04-12,True,True,0.41,340,5000,1250,2cd,1,1332.0,-3030.0,1332.0,2220.0,-13704.327400000002,-6929.064,-5221.00652173913,6775.263400000002,203257.90200000006,1708.05747826087,51241.7243478261,-53280.0,-53280.0,-88800.0,0.0,-35520.0,-0.13854494827486064,4241.64,-0.0
2020-05-04,True,True,0.41,340,5000,1250,2cd,1,1178.0,-2545.0,942.0,2048.0,-13355.45,-5483.8826,-4310.671921739131,7871.567400000001,236147.02200000003,1173.210678260869,35196.32034782607,-47120.0,-37680.0,-81920.0,9440.0,-44240.0,,3123.12,-0.0
2020-05-05,True,True,0.41,340,5000,1250,2cd,1,1517.0,-356.0,1284.0,2490.0,-15373.0521,-13717.176,-10035.663268431003,1655.8761000000013,49676.28300000004,3681.512731568997,110445.38194706991,-60680.0,-51360.0,-99600.0,9320.0,-48240.0,0.012851803330649059,0.0,-0.0
2020-05-06,True,True,0.41,340,5000,1250,2cd,1,1387.0,-804.0,1008.0,2002.0,-13917.934799999999,-10064.8348,-6937.06983289225,3853.0999999999985,115592.99999999996,3127.7649671077506,93832.94901323252,-55480.0,-40320.0,-80080.0,15160.0,-39760.0,-0.003457003310487816,0.0,-0.0
2020-05-07,True,True,0.41,340,5000,1250,2cd,1,2408.0,-2929.0,1422.0,2234.0,-22149.7157,-9719.7308,-6280.56612173913,12429.984900000001,372899.547,3439.1646782608696,103174.94034782608,-96320.0,-56880.0,-89360.0,39440.0,-32480.0,0.01785244967069377,963.7836294896032,-210.23156899810965
2020-05-08,True,True,0.41,340,5000,1250,2cd,1,2133.0,-1474.0,2120.0,2590.0,-23784.7091,-17438.908600000002,-13293.913537618148,6345.800499999998,190374.01499999993,4144.995062381855,124349.85187145564,-85320.0,-84800.0,-103600.0,520.0,-18800.0,0.08038432987275623,0.0,-106.6
2020-05-09,True,True,0.41,340,5000,1250,2cd,1,2194.0,-1400.0,1696.0,2946.0,-22054.4262,-16527.6072,-12043.556754253308,5526.819000000003,165804.5700000001,4484.0504457466905,134521.51337240072,-87760.0,-67840.0,-117840.0,19920.0,-50000.0,0.05130969437273181,0.0,-0.0
2020-05-10,True,True,0.41,340,5000,1250,2cd,1,2672.0,-2804.0,1424.0,2674.0,-19972.279199999997,-10914.492,-6480.648088468809,9057.787199999997,271733.6159999999,4433.843911531191,133015.31734593573,-106880.0,-56960.0,-106960.0,49920.0,-50000.0,0.007602733568269127,10.14,-780.64
2020-06-22,True,True,0.41,340,5000,1250,2cd,1,3435.0,-1099.0,2922.0,3032.0,-26592.366,-21686.6526,-17053.640827977317,4905.713400000001,147171.402,4633.011772022684,138990.35316068053,-137400.0,-116880.0,-121280.0,20520.0,-4400.0,0.12748227111955224,0.0,-0.0
2020-06-23,True,True,0.41,340,5000,1250,2cd,1,2540.0,-481.0,2268.0,3168.0,-25685.0884,-23642.034200000002,-18869.528982608696,2043.0541999999987,61291.62599999996,4772.505217391306,143175.1565217392,-101600.0,-90720.0,-126720.0,10880.0,-36000.0,0.08686143664477752,0.0,-0.0
2020-06-24,True,True,0.41,340,5000,1250,2cd,1,2728.0,-2668.0,1632.0,2508.0,-22154.619599999998,-12173.113,-8206.11472173913,9981.506599999999,299445.198,3966.9982782608695,119009.94834782608,-109120.0,-65280.0,-100320.0,43840.0,-35040.0,0.04059283013700732,8.355879017012722,-215.07561436673018
2020-06-25,True,True,0.41,340,5000,1250,2cd,1,1552.0,-2359.0,970.0,2220.0,-7326.612799999999,-3205.9698,-3614.8441217391305,4120.642999999999,123619.28999999998,-408.87432173913066,-12266.229652173919,-62080.0,-38800.0,-88800.0,23280.0,-50000.0,,2881.4792438563327,-62.972589792060624
2020-06-26,True,True,0.41,340,5000,1250,2cd,1,1000.0,-1964.0,686.0,1560.0,-8741.847300000001,-4477.8264,-3090.2687217391303,4264.020900000001,127920.62700000004,1387.5576782608696,41626.73034782609,-40000.0,-27440.0,-62400.0,12560.0,-34960.0,,1901.6385255198488,-250.921550094518
2020-06-27,True,True,0.41,340,5000,1250,2cd,1,1245.0,-861.0,1016.0,1918.0,-12562.355599999999,-8983.5852,-7174.693536862003,3578.7703999999994,107363.11199999998,1808.8916631379961,54266.74989413988,-49800.0,-40640.0,-76720.0,9160.0,-36080.0,-0.1249333367001253,0.0,-0.0
2020-06-28,True,True,0.41,340,5000,1250,2cd,1,2010.0,-848.0,1700.0,2298.0,-19791.3234,-16959.9418,-12311.78141852552,2831.3816000000006,84941.44800000002,4648.160381474481,139444.81144423445,-80400.0,-68000.0,-91920.0,12400.0,-23920.0,0.09962819948531476,0.0,-0.0
2020-07-13,True,True,0.41,340,5000,1250,2cd,1,2623.4709999999995,-1127.0,1764.4709999999995,2874.343400756143,-20426.015566399998,-16961.5802664,-12342.645339710398,3464.4352999999974,103933.05899999992,4618.934926689602,138568.04780068807,-104938.83999999998,-70578.83999999998,-114973.73603024572,34360.0,-44394.89603024574,0.0667845975270942,0.0,-0.0
2020-07-14,True,True,0.41,340,5000,1250,2cd,1,3173.045,-1954.0,2678.045,3928.045,-28860.943713299996,-23673.881413299998,-18901.376195908695,5187.062299999998,155611.86899999995,4772.505217391303,143175.1565217391,-126921.8,-107121.8,-157121.8,19800.0,-49999.999999999985,0.0649869549979496,0.0,-0.0
2020-07-15,True,True,0.41,340,5000,1250,2cd,1,2078.301,-1024.0,1787.5839999999998,2860.154,-22121.604851699998,-19013.2139517,-14282.519211991683,3108.3908999999985,93251.72699999996,4730.694739708317,141920.8421912495,-83132.04,-71503.35999999999,-114406.16,11628.680000000008,-42902.80000000002,0.07429323166060664,0.0,-0.0
2020-07-16,True,True,0.41,340,5000,1250,2cd,1,3082.848,-2129.0,1521.995,2448.0,-25024.4513057,-16458.4978761,-11440.0866249431,8565.953429600002,256978.60288800005,5018.411251156898,150552.33753470695,-123313.92,-60879.799999999996,-97920.0,62434.12,-37040.200000000004,0.08062476000473051,0.0,-349.31098000000003
2020-07-17,True,True,0.41,340,5000,1250,2cd,1,2334.505,-659.0,2008.0900000000001,3257.505,-24752.086279999996,-22810.71158,-18038.206362608697,1941.3746999999967,58241.2409999999,4772.505217391303,143175.1565217391,-93380.20000000001,-80323.6,-130300.20000000001,13056.600000000006,-49976.600000000006,0.06502438823108392,0.0,-0.0
2020-07-18,True,True,0.41,340,5000,1250,2cd,1,1707.089,-1699.0,1430.132,2550.0,-19224.7660618,-13646.7423618,-9660.721712850851,5578.023700000002,167340.71100000004,3986.0206489491484,119580.61946847446,-68283.56,-57205.28,-102000.0,11078.279999999999,-44794.72,0.03558171636682195,0.0,-0.0
2020-07-19,True,True,0.41,340,5000,1250,2cd,1,1607.73,-1142.0,1254.026,2164.118,-16250.654462499999,-11564.853062499998,-8436.284638073723,4685.8014,140574.04200000002,3128.5684244262757,93857.05273278827,-64309.2,-50161.04,-86564.72,14148.159999999996,-36403.68,0.0040073186546334405,0.0,-0.0
