datetime,date,pv,pv_normalized,pv_130kW,pv_20kW,pv_50kW
3/26/21 00:00,3/26/21,0,0,0,0,0
3/26/21 00:02,3/26/21,0,0,0,0,0
3/26/21 00:03,3/26/21,0,0,0,0,0
3/26/21 00:05,3/26/21,0,0,0,0,0
3/26/21 00:07,3/26/21,0,0,0,0,0
3/26/21 00:09,3/26/21,0,0,0,0,0
3/26/21 00:11,3/26/21,0,0,0,0,0
3/26/21 00:13,3/26/21,0,0,0,0,0
3/26/21 00:15,3/26/21,0,0,0,0,0
3/26/21 00:17,3/26/21,0,0,0,0,0
3/26/21 00:19,3/26/21,0,0,0,0,0
3/26/21 00:20,3/26/21,0,0,0,0,0
3/26/21 00:22,3/26/21,0,0,0,0,0
3/26/21 00:24,3/26/21,0,0,0,0,0
3/26/21 00:26,3/26/21,0,0,0,0,0
3/26/21 00:28,3/26/21,0,0,0,0,0
3/26/21 00:30,3/26/21,0,0,0,0,0
3/26/21 00:32,3/26/21,0,0,0,0,0
3/26/21 00:34,3/26/21,0,0,0,0,0
3/26/21 00:36,3/26/21,0,0,0,0,0
3/26/21 00:37,3/26/21,0,0,0,0,0
3/26/21 00:39,3/26/21,0,0,0,0,0
3/26/21 00:41,3/26/21,0,0,0,0,0
3/26/21 00:43,3/26/21,0,0,0,0,0
3/26/21 00:45,3/26/21,0,0,0,0,0
3/26/21 00:47,3/26/21,0,0,0,0,0
3/26/21 00:49,3/26/21,0,0,0,0,0
3/26/21 00:51,3/26/21,0,0,0,0,0
3/26/21 00:52,3/26/21,0,0,0,0,0
3/26/21 00:54,3/26/21,0,0,0,0,0
3/26/21 00:56,3/26/21,0,0,0,0,0
3/26/21 00:58,3/26/21,0,0,0,0,0
3/26/21 01:00,3/26/21,0,0,0,0,0
3/26/21 01:02,3/26/21,0,0,0,0,0
3/26/21 01:04,3/26/21,0,0,0,0,0
3/26/21 01:06,3/26/21,0,0,0,0,0
3/26/21 01:08,3/26/21,0,0,0,0,0
3/26/21 01:09,3/26/21,0,0,0,0,0
3/26/21 01:11,3/26/21,0,0,0,0,0
3/26/21 01:13,3/26/21,0,0,0,0,0
3/26/21 01:15,3/26/21,0,0,0,0,0
3/26/21 01:17,3/26/21,0,0,0,0,0
3/26/21 01:19,3/26/21,0,0,0,0,0
3/26/21 01:21,3/26/21,0,0,0,0,0
3/26/21 01:23,3/26/21,0,0,0,0,0
3/26/21 01:25,3/26/21,0,0,0,0,0
3/26/21 01:26,3/26/21,0,0,0,0,0
3/26/21 01:28,3/26/21,0,0,0,0,0
3/26/21 01:30,3/26/21,0,0,0,0,0
3/26/21 01:32,3/26/21,0,0,0,0,0
3/26/21 01:34,3/26/21,0,0,0,0,0
3/26/21 01:36,3/26/21,0,0,0,0,0
3/26/21 01:38,3/26/21,0,0,0,0,0
3/26/21 01:40,3/26/21,0,0,0,0,0
3/26/21 01:41,3/26/21,0,0,0,0,0
3/26/21 01:43,3/26/21,0,0,0,0,0
3/26/21 01:45,3/26/21,0,0,0,0,0
3/26/21 01:47,3/26/21,0,0,0,0,0
3/26/21 01:49,3/26/21,0,0,0,0,0
3/26/21 01:51,3/26/21,0,0,0,0,0
3/26/21 01:53,3/26/21,0,0,0,0,0
3/26/21 01:55,3/26/21,0,0,0,0,0
3/26/21 01:57,3/26/21,0,0,0,0,0
3/26/21 01:58,3/26/21,0,0,0,0,0
3/26/21 02:00,3/26/21,0,0,0,0,0
3/26/21 02:02,3/26/21,0,0,0,0,0
3/26/21 02:04,3/26/21,0,0,0,0,0
3/26/21 02:06,3/26/21,0,0,0,0,0
3/26/21 02:08,3/26/21,0,0,0,0,0
3/26/21 02:10,3/26/21,0,0,0,0,0
3/26/21 02:12,3/26/21,0,0,0,0,0
3/26/21 02:14,3/26/21,0,0,0,0,0
3/26/21 02:15,3/26/21,0,0,0,0,0
3/26/21 02:17,3/26/21,0,0,0,0,0
3/26/21 02:19,3/26/21,0,0,0,0,0
3/26/21 02:21,3/26/21,0,0,0,0,0
3/26/21 02:23,3/26/21,0,0,0,0,0
3/26/21 02:25,3/26/21,0,0,0,0,0
3/26/21 02:27,3/26/21,0,0,0,0,0
3/26/21 02:29,3/26/21,0,0,0,0,0
3/26/21 02:30,3/26/21,0,0,0,0,0
3/26/21 02:32,3/26/21,0,0,0,0,0
3/26/21 02:34,3/26/21,0,0,0,0,0
3/26/21 02:36,3/26/21,0,0,0,0,0
3/26/21 02:38,3/26/21,0,0,0,0,0
3/26/21 02:40,3/26/21,0,0,0,0,0
3/26/21 02:42,3/26/21,0,0,0,0,0
3/26/21 02:44,3/26/21,0,0,0,0,0
3/26/21 02:46,3/26/21,0,0,0,0,0
3/26/21 02:47,3/26/21,0,0,0,0,0
3/26/21 02:49,3/26/21,0,0,0,0,0
3/26/21 02:51,3/26/21,0,0,0,0,0
3/26/21 02:53,3/26/21,0,0,0,0,0
3/26/21 02:55,3/26/21,0,0,0,0,0
3/26/21 02:57,3/26/21,0,0,0,0,0
3/26/21 02:59,3/26/21,0,0,0,0,0
3/26/21 03:01,3/26/21,0,0,0,0,0
3/26/21 03:03,3/26/21,0,0,0,0,0
3/26/21 03:04,3/26/21,0,0,0,0,0
3/26/21 03:06,3/26/21,0,0,0,0,0
3/26/21 03:08,3/26/21,0,0,0,0,0
3/26/21 03:10,3/26/21,0,0,0,0,0
3/26/21 03:12,3/26/21,0,0,0,0,0
3/26/21 03:14,3/26/21,0,0,0,0,0
3/26/21 03:16,3/26/21,0,0,0,0,0
3/26/21 03:18,3/26/21,0,0,0,0,0
3/26/21 03:19,3/26/21,0,0,0,0,0
3/26/21 03:21,3/26/21,0,0,0,0,0
3/26/21 03:23,3/26/21,0,0,0,0,0
3/26/21 03:25,3/26/21,0,0,0,0,0
3/26/21 03:27,3/26/21,0,0,0,0,0
3/26/21 03:29,3/26/21,0,0,0,0,0
3/26/21 03:31,3/26/21,0,0,0,0,0
3/26/21 03:33,3/26/21,0,0,0,0,0
3/26/21 03:35,3/26/21,0,0,0,0,0
3/26/21 03:36,3/26/21,0,0,0,0,0
3/26/21 03:38,3/26/21,0,0,0,0,0
3/26/21 03:40,3/26/21,0,0,0,0,0
3/26/21 03:42,3/26/21,0,0,0,0,0
3/26/21 03:44,3/26/21,0,0,0,0,0
3/26/21 03:46,3/26/21,0,0,0,0,0
3/26/21 03:48,3/26/21,0,0,0,0,0
3/26/21 03:50,3/26/21,0,0,0,0,0
3/26/21 03:52,3/26/21,0,0,0,0,0
3/26/21 03:53,3/26/21,0,0,0,0,0
3/26/21 03:55,3/26/21,0,0,0,0,0
3/26/21 03:57,3/26/21,0,0,0,0,0
3/26/21 03:59,3/26/21,0,0,0,0,0
3/26/21 04:01,3/26/21,0,0,0,0,0
3/26/21 04:03,3/26/21,0,0,0,0,0
3/26/21 04:05,3/26/21,0,0,0,0,0
3/26/21 04:07,3/26/21,0,0,0,0,0
3/26/21 04:08,3/26/21,0,0,0,0,0
3/26/21 04:10,3/26/21,0,0,0,0,0
3/26/21 04:12,3/26/21,0,0,0,0,0
3/26/21 04:14,3/26/21,0,0,0,0,0
3/26/21 04:16,3/26/21,0,0,0,0,0
3/26/21 04:18,3/26/21,0,0,0,0,0
3/26/21 04:20,3/26/21,0,0,0,0,0
3/26/21 04:22,3/26/21,0,0,0,0,0
3/26/21 04:24,3/26/21,0,0,0,0,0
3/26/21 04:25,3/26/21,0,0,0,0,0
3/26/21 04:27,3/26/21,0,0,0,0,0
3/26/21 04:29,3/26/21,0,0,0,0,0
3/26/21 04:31,3/26/21,0,0,0,0,0
3/26/21 04:33,3/26/21,0,0,0,0,0
3/26/21 04:35,3/26/21,0,0,0,0,0
3/26/21 04:37,3/26/21,0,0,0,0,0
3/26/21 04:39,3/26/21,0,0,0,0,0
3/26/21 04:41,3/26/21,0,0,0,0,0
3/26/21 04:42,3/26/21,0,0,0,0,0
3/26/21 04:44,3/26/21,0,0,0,0,0
3/26/21 04:46,3/26/21,0,0,0,0,0
3/26/21 04:48,3/26/21,0,0,0,0,0
3/26/21 04:50,3/26/21,0,0,0,0,0
3/26/21 04:52,3/26/21,0,0,0,0,0
3/26/21 04:54,3/26/21,0,0,0,0,0
3/26/21 04:56,3/26/21,0,0,0,0,0
3/26/21 04:58,3/26/21,0,0,0,0,0
3/26/21 04:59,3/26/21,0,0,0,0,0
3/26/21 05:01,3/26/21,0,0,0,0,0
3/26/21 05:03,3/26/21,0,0,0,0,0
3/26/21 05:05,3/26/21,0,0,0,0,0
3/26/21 05:07,3/26/21,0,0,0,0,0
3/26/21 05:09,3/26/21,0,0,0,0,0
3/26/21 05:11,3/26/21,0,0,0,0,0
3/26/21 05:13,3/26/21,0,0,0,0,0
3/26/21 05:14,3/26/21,0,0,0,0,0
3/26/21 05:16,3/26/21,0,0,0,0,0
3/26/21 05:18,3/26/21,0,0,0,0,0
3/26/21 05:20,3/26/21,0,0,0,0,0
3/26/21 05:22,3/26/21,0,0,0,0,0
3/26/21 05:24,3/26/21,0,0,0,0,0
3/26/21 05:26,3/26/21,0,0,0,0,0
3/26/21 05:28,3/26/21,0,0,0,0,0
3/26/21 05:30,3/26/21,0,0,0,0,0
3/26/21 05:31,3/26/21,0,0,0,0,0
3/26/21 05:33,3/26/21,0,0,0,0,0
3/26/21 05:35,3/26/21,0,0,0,0,0
3/26/21 05:37,3/26/21,0,0,0,0,0
3/26/21 05:39,3/26/21,0,0,0,0,0
3/26/21 05:41,3/26/21,0,0,0,0,0
3/26/21 05:43,3/26/21,0,0,0,0,0
3/26/21 05:45,3/26/21,0,0,0,0,0
3/26/21 05:46,3/26/21,0,0,0,0,0
3/26/21 05:48,3/26/21,0,0,0,0,0
3/26/21 05:50,3/26/21,0,0,0,0,0
3/26/21 05:52,3/26/21,0,0,0,0,0
3/26/21 05:54,3/26/21,0,0,0,0,0
3/26/21 05:56,3/26/21,0,0,0,0,0
3/26/21 05:58,3/26/21,-1.1,0.002796136,0.363497718,0.055922726,0.139806815
3/26/21 06:00,3/26/21,-1.7,0.004321302,0.5617692,0.086426031,0.216065077
3/26/21 06:02,3/26/21,-2.1,0.005338078,0.693950189,0.106761567,0.266903919
3/26/21 06:03,3/26/21,-2.9,0.007371632,0.958312165,0.147432641,0.368581602
3/26/21 06:05,3/26/21,-3.2,0.008134215,1.057447906,0.162684293,0.406710733
3/26/21 06:07,3/26/21,-4.4,0.011184545,1.453990871,0.223690903,0.559227258
3/26/21 06:09,3/26/21,-5,0.01270971,1.652262354,0.254194208,0.635485521
3/26/21 06:11,3/26/21,-6,0.015251652,1.982714824,0.30503305,0.762582625
3/26/21 06:13,3/26/21,-6.8,0.017285206,2.247076801,0.345704123,0.864260308
3/26/21 06:15,3/26/21,-8,0.020335537,2.643619766,0.406710733,1.016776833
3/26/21 06:17,3/26/21,-8.9,0.022623285,2.941026989,0.452465691,1.131164227
3/26/21 06:19,3/26/21,-10.1,0.025673615,3.337569954,0.513472301,1.283680752
3/26/21 06:20,3/26/21,-10.9,0.027707169,3.601931931,0.554143374,1.385358435
3/26/21 06:22,3/26/21,-12.4,0.031520082,4.097610637,0.630401636,1.576004091
3/26/21 06:24,3/26/21,-13.3,0.03380783,4.395017861,0.676156594,1.690391485
3/26/21 06:26,3/26/21,-14.7,0.037366549,4.85765132,0.747330972,1.868327431
3/26/21 06:28,3/26/21,-15.9,0.040416879,5.254194285,0.808337582,2.020843956
3/26/21 06:30,3/26/21,-17.6,0.044738181,5.815963485,0.894763613,2.236909033
3/26/21 06:32,3/26/21,-18.9,0.048042705,6.245551697,0.960854107,2.402135268
3/26/21 06:34,3/26/21,-20.799999,0.052872393,6.873411061,1.057447855,2.643619639
3/26/21 06:35,3/26/21,-22.200001,0.056431117,7.336045181,1.128622335,2.821555839
3/26/21 06:37,3/26/21,-24.5,0.062277581,8.096085533,1.24555162,3.113879051
3/26/21 06:39,3/26/21,-26.200001,0.066598885,8.657855063,1.331977702,3.329944255
3/26/21 06:41,3/26/21,-28.799999,0.073207929,9.517030826,1.464158589,3.660396472
3/26/21 06:43,3/26/21,-30.6,0.077783428,10.1118456,1.555668554,3.889171386
3/26/21 06:45,3/26/21,-33.099998,0.084138278,10.93797612,1.682765557,4.206913892
3/26/21 06:47,3/26/21,-34.799999,0.088459582,11.49974565,1.769191639,4.422979096
3/26/21 06:49,3/26/21,-37.799999,0.096085408,12.49110306,1.921708164,4.804270409
3/26/21 06:51,3/26/21,-40.200001,0.102186074,13.28418965,2.043721485,5.109303713
3/26/21 06:52,3/26/21,-43.900002,0.111591263,14.50686413,2.23182525,5.579563125
3/26/21 06:54,3/26/21,-46.5,0.118200307,15.36603989,2.364006137,5.910015342
3/26/21 06:56,3/26/21,-50.099998,0.127351293,16.55566812,2.547025865,6.367564662
3/26/21 06:58,3/26/21,-52.5,0.133451959,17.34875471,2.669039187,6.672597967
3/26/21 07:00,3/26/21,-56.099998,0.142602946,18.53838295,2.852058915,7.130147287
3/26/21 07:02,3/26/21,-58.5,0.148703612,19.33146954,2.974072237,7.435180591
3/26/21 07:04,3/26/21,-61.799999,0.157092018,20.42196236,3.141840363,7.854600908
3/26/21 07:06,3/26/21,-64.400002,0.163701075,21.28113978,3.274021504,8.18505376
3/26/21 07:08,3/26/21,-68.599998,0.174377222,22.66903883,3.487544435,8.718861089
3/26/21 07:09,3/26/21,-71.099998,0.180732077,23.49517001,3.61464154,9.036603849
3/26/21 07:11,3/26/21,-75.099998,0.190899845,24.81697989,3.817996906,9.544992266
3/26/21 07:13,3/26/21,-77.699997,0.197508892,25.67615598,3.950177844,9.875444609
3/26/21 07:15,3/26/21,-81.800003,0.20793087,27.0310131,4.158617399,10.3965435
3/26/21 07:17,3/26/21,-84.400002,0.214539917,27.89018919,4.290798337,10.72699584
3/26/21 07:19,3/26/21,-88.800003,0.225724465,29.34418039,4.514489291,11.28622323
3/26/21 07:21,3/26/21,-91.5,0.232587701,30.23640107,4.651754011,11.62938503
3/26/21 07:23,3/26/21,-95.400002,0.24250128,31.52516637,4.850025595,12.12506399
3/26/21 07:25,3/26/21,-97.800003,0.248601943,32.31825263,4.972038866,12.43009716
3/26/21 07:26,3/26/21,-102.199997,0.259786473,33.77224152,5.195729464,12.98932366
3/26/21 07:28,3/26/21,-104.800003,0.266395538,34.63141992,5.327910757,13.31977689
3/26/21 07:30,3/26/21,-109.099998,0.277325876,36.0523639,5.546517522,13.86629381
3/26/21 07:32,3/26/21,-111.599998,0.283680731,36.87849507,5.673614626,14.18403657
3/26/21 07:34,3/26/21,-115.900002,0.294611092,38.29944202,5.892221849,14.73055462
3/26/21 07:36,3/26/21,-118.699997,0.301728518,39.22470728,6.034570351,15.08642588
3/26/21 07:38,3/26/21,-122.699997,0.311896286,40.54651717,6.237925718,15.59481429
3/26/21 07:40,3/26/21,-125.199997,0.318251141,41.37264834,6.365022822,15.91255706
3/26/21 07:41,3/26/21,-129.399994,0.32892729,42.76054773,6.578545804,16.44636451
3/26/21 07:43,3/26/21,-132.5,0.336807326,43.78495237,6.736146519,16.8403663
3/26/21 07:45,3/26/21,-137,0.348246065,45.27198849,6.964921306,17.41230327
3/26/21 07:47,3/26/21,-139.600006,0.35485513,46.1311669,7.097102599,17.7427565
3/26/21 07:49,3/26/21,-143.399994,0.364514479,47.38688232,7.290289588,18.22572397
3/26/21 07:51,3/26/21,-146.100006,0.371377754,48.27910796,7.42755507,18.56888768
3/26/21 07:53,3/26/21,-151.100006,0.384087464,49.93137031,7.681749278,19.2043732
3/26/21 07:55,3/26/21,-152.899994,0.388662929,50.52618079,7.773258583,19.43314646
3/26/21 07:57,3/26/21,-156.800003,0.398576526,51.8149484,7.971530523,19.92882631
3/26/21 07:58,3/26/21,-160.699997,0.408490085,53.10371105,8.169801701,20.42450425
3/26/21 08:00,3/26/21,-164,0.416878502,54.1942052,8.337570031,20.84392508
3/26/21 08:02,3/26/21,-166,0.421962386,54.85511014,8.439247714,21.09811928
3/26/21 08:04,3/26/21,-170.600006,0.433655335,56.37519349,8.67310669,21.68276673
3/26/21 08:06,3/26/21,-174.699997,0.444077274,57.73004564,8.881545484,22.20386371
3/26/21 08:08,3/26/21,-177.300003,0.450686339,58.58922405,9.013726777,22.53431694
3/26/21 08:10,3/26/21,-181.399994,0.461108279,59.94407621,9.22216557,23.05541393
3/26/21 08:12,3/26/21,-184.399994,0.468734105,60.93543362,9.374682095,23.43670524
3/26/21 08:14,3/26/21,-187.899994,0.477630902,62.09201727,9.552618041,23.8815451
3/26/21 08:15,3/26/21,-190.199997,0.483477376,62.85205894,9.669547529,24.17386882
3/26/21 08:17,3/26/21,-193.600006,0.492120002,63.97560031,9.842400048,24.60600012
3/26/21 08:19,3/26/21,-196.300003,0.498983238,64.86782099,9.979664768,24.94916192
3/26/21 08:21,3/26/21,-200.199997,0.508896797,66.15658365,10.17793595,25.44483986
3/26/21 08:23,3/26/21,-203.100006,0.516268452,67.11489879,10.32536904,25.81342261
3/26/21 08:25,3/26/21,-208.399994,0.529740715,68.86629292,10.59481429,26.48703574
3/26/21 08:27,3/26/21,-210.199997,0.534316218,69.46110835,10.68632436,26.71581091
3/26/21 08:29,3/26/21,-215,0.546517548,71.04728121,10.93035095,27.32587739
3/26/21 08:30,3/26/21,-217.300003,0.552364022,71.80732288,11.04728044,27.61820111
3/26/21 08:32,3/26/21,-220.800003,0.561260819,72.96390653,11.22521639,28.06304097
3/26/21 08:34,3/26/21,-223.5,0.568124055,73.85612721,11.36248111,28.40620277
3/26/21 08:36,3/26/21,-227.199997,0.577529234,75.07880036,11.55058467,28.87646168
3/26/21 08:38,3/26/21,-229.699997,0.583884089,75.90493153,11.67768177,29.19420444
3/26/21 08:40,3/26/21,-233.899994,0.594560238,77.29283092,11.89120476,29.72801189
3/26/21 08:42,3/26/21,-235.5,0.59862736,77.82155686,11.97254721,29.93136802
3/26/21 08:44,3/26/21,-239.899994,0.60981189,79.27554574,12.19623781,30.49059452
3/26/21 08:46,3/26/21,-242.199997,0.615658365,80.03558742,12.3131673,30.78291824
3/26/21 08:47,3/26/21,-245.600006,0.624300991,81.15912879,12.48601981,31.21504954
3/26/21 08:49,3/26/21,-248.300003,0.631164227,82.05134947,12.62328453,31.55821134
3/26/21 08:51,3/26/21,-252.399994,0.641586166,83.40620163,12.83172333,32.07930832
3/26/21 08:53,3/26/21,-253,0.643111347,83.60447509,12.86222694,32.15556734
3/26/21 08:55,3/26/21,-257.398987,0.654293317,85.05813122,13.08586634,32.71466585
3/26/21 08:57,3/26/21,-261.600006,0.664972064,86.44636832,13.29944128,33.2486032
3/26/21 08:59,3/26/21,-264.799988,0.673106233,87.50381028,13.46212466,33.65531165
3/26/21 09:01,3/26/21,-265.299988,0.674377204,87.66903652,13.48754408,33.7188602
3/26/21 09:03,3/26/21,-263.899994,0.6708185,87.20640504,13.41637001,33.54092502
3/26/21 09:04,3/26/21,-260.799988,0.662938465,86.1820004,13.25876929,33.14692323
3/26/21 09:06,3/26/21,-266.200012,0.676665013,87.96645167,13.53330026,33.83325064
3/26/21 09:08,3/26/21,-257,0.653279115,84.92628498,13.0655823,32.66395576
3/26/21 09:10,3/26/21,-271.5,0.690137275,89.7178458,13.80274551,34.50686377
3/26/21 09:12,3/26/21,-283.200012,0.719878028,93.58414367,14.39756057,35.99390141
3/26/21 09:14,3/26/21,-285.899994,0.726741226,94.4763594,14.53482452,36.33706131
3/26/21 09:16,3/26/21,-289.799988,0.736654785,95.76512205,14.7330957,36.83273925
3/26/21 09:18,3/26/21,-291.5,0.740976117,96.32689522,14.81952234,37.04880585
3/26/21 09:19,3/26/21,-284.600006,0.723436732,94.04677515,14.46873464,36.1718366
3/26/21 09:21,3/26/21,-254.600006,0.647178469,84.13320103,12.94356939,32.35892347
3/26/21 09:23,3/26/21,-264.899994,0.673360442,87.53685751,13.46720885,33.66802212
3/26/21 09:25,3/26/21,-299,0.760040683,98.80528875,15.20081365,38.00203413
3/26/21 09:27,3/26/21,-302.799988,0.769700032,100.0610042,15.39400064,38.4850016
3/26/21 09:29,3/26/21,-305.600006,0.776817516,100.986277,15.53635031,38.84087578
3/26/21 09:31,3/26/21,-306.700012,0.779613667,101.3497767,15.59227334,38.98068336
3/26/21 09:33,3/26/21,-307.200012,0.780884638,101.515003,15.61769276,39.04423191
3/26/21 09:35,3/26/21,-310,0.788002046,102.4402659,15.76004091,39.40010228
3/26/21 09:36,3/26/21,-308.700012,0.784697551,102.0106817,15.69395103,39.23487757
3/26/21 09:38,3/26/21,-311.399994,0.791560749,102.9028974,15.83121498,39.57803746
3/26/21 09:40,3/26/21,-311.799988,0.792577511,103.0350764,15.85155022,39.62887554
3/26/21 09:42,3/26/21,-314,0.798169814,103.7620758,15.96339628,39.9084907
3/26/21 09:44,3/26/21,-318.700012,0.810116972,105.3152064,16.20233944,40.50584861
3/26/21 09:46,3/26/21,-321,0.815963408,106.0752431,16.31926817,40.79817042
3/26/21 09:48,3/26/21,-322.600006,0.820030531,106.603969,16.40061062,41.00152655
3/26/21 09:50,3/26/21,-324.799988,0.825622758,107.3309585,16.51245516,41.28113789
3/26/21 09:52,3/26/21,-326.799988,0.830706642,107.9918635,16.61413284,41.5353321
3/26/21 09:53,3/26/21,-328.200012,0.834265422,108.4545049,16.68530844,41.7132711
3/26/21 09:55,3/26/21,-329.100006,0.836553155,108.7519101,16.73106309,41.82765773
3/26/21 09:57,3/26/21,-331.899994,0.843670562,109.6771731,16.87341124,42.1835281
3/26/21 09:59,3/26/21,-333,0.846466713,110.0406728,16.92933427,42.32333567
3/26/21 10:01,3/26/21,-334.200012,0.849517074,110.4372197,16.99034149,42.47585372
3/26/21 10:03,3/26/21,-337,0.856634482,111.3624826,17.13268964,42.83172409
3/26/21 10:05,3/26/21,-339.299988,0.862480918,112.1225194,17.24961836,43.1240459
3/26/21 10:07,3/26/21,-340.200012,0.864768727,112.4199345,17.29537454,43.23843635
3/26/21 10:08,3/26/21,-342.200012,0.869852611,113.0808394,17.39705222,43.49263056
3/26/21 10:10,3/26/21,-345,0.876970018,114.0061024,17.53940037,43.84850092
3/26/21 10:12,3/26/21,-347.799988,0.884087426,114.9313654,17.68174852,44.20437129
3/26/21 10:14,3/26/21,-347.200012,0.882562322,114.7331018,17.65124643,44.12811608
3/26/21 10:16,3/26/21,-349.299988,0.887900339,115.4270441,17.75800678,44.39501695
3/26/21 10:18,3/26/21,-349.200012,0.887646206,115.3940067,17.75292411,44.38231029
3/26/21 10:20,3/26/21,-353.100006,0.897559765,116.6827694,17.95119529,44.87798823
3/26/21 10:22,3/26/21,-354.200012,0.900355916,117.0462691,18.00711832,45.01779581
3/26/21 10:24,3/26/21,-354.799988,0.90188102,117.2445326,18.03762041,45.09405102
3/26/21 10:25,3/26/21,-357.600006,0.908998504,118.1698055,18.17997008,45.4499252
3/26/21 10:27,3/26/21,-360.399994,0.916115911,119.0950685,18.32231823,45.80579556
3/26/21 10:29,3/26/21,-359.100006,0.912811417,118.6654842,18.25622834,45.64057085
3/26/21 10:31,3/26/21,-361.799988,0.919674615,119.5576999,18.3934923,45.98373075
3/26/21 10:33,3/26/21,-361.299988,0.918403644,119.3924737,18.36807288,45.9201822
3/26/21 10:35,3/26/21,-362.399994,0.921199795,119.7559734,18.42399591,46.05998977
3/26/21 10:37,3/26/21,-363.399994,0.923741738,120.0864259,18.47483475,46.18708688
3/26/21 10:39,3/26/21,-362.600006,0.921708214,119.8220679,18.43416429,46.08541072
3/26/21 10:41,3/26/21,-362.299988,0.920945586,119.7229262,18.41891172,46.0472793
3/26/21 10:42,3/26/21,-364.299988,0.92602947,120.3838311,18.5205894,46.30147351
3/26/21 10:44,3/26/21,-365.200012,0.928317279,120.6812463,18.56634558,46.41586395
3/26/21 10:46,3/26/21,-370.799988,0.942552094,122.5317722,18.85104187,47.12760468
3/26/21 10:48,3/26/21,-367.200012,0.933401163,121.3421512,18.66802326,46.67005816
3/26/21 10:50,3/26/21,-370.899994,0.942806303,122.5648194,18.85612606,47.14031516
3/26/21 10:52,3/26/21,-372.799988,0.947635978,123.1926771,18.95271956,47.38179889
3/26/21 10:54,3/26/21,-373.799988,0.95017792,123.5231296,19.0035584,47.508896
3/26/21 10:56,3/26/21,-374,0.950686339,123.5892241,19.01372678,47.53431694
3/26/21 10:57,3/26/21,-376.200012,0.956278642,124.3162235,19.12557284,47.8139321
3/26/21 10:59,3/26/21,-376.100006,0.956024432,124.2831762,19.12048865,47.80122162
3/26/21 11:01,3/26/21,-376.799988,0.957803746,124.514487,19.15607492,47.89018731
3/26/21 11:03,3/26/21,-376.399994,0.956786985,124.382308,19.13573969,47.83934923
3/26/21 11:05,3/26/21,-380.600006,0.967463172,125.7702123,19.34926344,48.37315859
3/26/21 11:07,3/26/21,-383.299988,0.97432637,126.6624281,19.48652739,48.71631849
3/26/21 11:09,3/26/21,-383.600006,0.975088998,126.7615698,19.50177996,48.7544499
3/26/21 11:11,3/26/21,-384.799988,0.978139283,127.1581068,19.56278566,48.90696414
3/26/21 11:13,3/26/21,-384.399994,0.977122521,127.0259278,19.54245043,48.85612606
3/26/21 11:14,3/26/21,-384,0.97610576,126.8937488,19.52211519,48.80528798
3/26/21 11:16,3/26/21,-386.700012,0.982969034,127.7859744,19.65938068,49.14845169
3/26/21 11:18,3/26/21,-385.600006,0.980172882,127.4224747,19.60345765,49.00864411
3/26/21 11:20,3/26/21,-386.899994,0.983477376,127.8520589,19.66954753,49.17386882
3/26/21 11:22,3/26/21,-389.600006,0.990340651,128.7442846,19.80681301,49.51703253
3/26/21 11:24,3/26/21,-387.600006,0.985256766,128.0833796,19.70513533,49.26283832
3/26/21 11:26,3/26/21,-390.399994,0.992374174,129.0086426,19.84748348,49.61870869
3/26/21 11:28,3/26/21,-388.5,0.987544499,128.3807849,19.75088998,49.37722495
3/26/21 11:30,3/26/21,-386.799988,0.983223167,127.8190117,19.66446334,49.16115835
3/26/21 11:31,3/26/21,-385.600006,0.980172882,127.4224747,19.60345765,49.00864411
3/26/21 11:33,3/26/21,-389,0.98881547,128.5460111,19.7763094,49.4407735
3/26/21 11:35,3/26/21,-387.899994,0.986019319,128.1825114,19.72038637,49.30096593
3/26/21 11:37,3/26/21,-390.700012,0.993136802,129.1077843,19.86273604,49.65684011
3/26/21 11:39,3/26/21,-391.100006,0.994153564,129.2399633,19.88307127,49.70767819
3/26/21 11:41,3/26/21,-392.399994,0.997458058,129.6695475,19.94916116,49.8729029
3/26/21 11:43,3/26/21,-393.399994,1,130,20,50
3/26/21 11:45,3/26/21,-389.899994,0.991103203,128.8434164,19.82206405,49.55516014
3/26/21 11:46,3/26/21,-392.399994,0.997458058,129.6695475,19.94916116,49.8729029
3/26/21 11:48,3/26/21,-392.399994,0.997458058,129.6695475,19.94916116,49.8729029
3/26/21 11:50,3/26/21,-393,0.998983238,129.867821,19.97966477,49.94916192
3/26/21 11:52,3/26/21,-392,0.996441296,129.5373685,19.92882593,49.82206482
3/26/21 11:54,3/26/21,-389.5,0.990086441,128.7112373,19.80172882,49.50432206
3/26/21 11:56,3/26/21,-391.200012,0.994407773,129.2730105,19.88815546,49.72038866
3/26/21 11:58,3/26/21,-391,0.993899354,129.2069161,19.87798709,49.69496771
3/26/21 12:00,3/26/21,-391.399994,0.994916116,129.3390951,19.89832232,49.74580579
3/26/21 12:02,3/26/21,-390.399994,0.992374174,129.0086426,19.84748348,49.61870869
3/26/21 12:03,3/26/21,-391.600006,0.995424535,129.4051895,19.9084907,49.77122674
3/26/21 12:05,3/26/21,-391.200012,0.994407773,129.2730105,19.88815546,49.72038866
3/26/21 12:07,3/26/21,-392.200012,0.996949715,129.603463,19.93899431,49.84748576
3/26/21 12:09,3/26/21,-390.600006,0.992882593,129.074737,19.85765185,49.64412963
3/26/21 12:11,3/26/21,-392.299988,0.997203848,129.6365003,19.94407697,49.86019242
3/26/21 12:13,3/26/21,-390.100006,0.991611622,128.9095108,19.83223243,49.58058108
3/26/21 12:15,3/26/21,-391.200012,0.994407773,129.2730105,19.88815546,49.72038866
3/26/21 12:17,3/26/21,-391.399994,0.994916116,129.3390951,19.89832232,49.74580579
3/26/21 12:19,3/26/21,-391.700012,0.995678744,129.4382367,19.91357488,49.78393721
3/26/21 12:20,3/26/21,-390.399994,0.992374174,129.0086426,19.84748348,49.61870869
3/26/21 12:22,3/26/21,-388.700012,0.988052918,128.4468793,19.76105836,49.4026459
3/26/21 12:24,3/26/21,-387.399994,0.984748348,128.0172852,19.69496695,49.23741738
3/26/21 12:26,3/26/21,-388.5,0.987544499,128.3807849,19.75088998,49.37722495
3/26/21 12:28,3/26/21,-389.700012,0.99059486,128.7773318,19.8118972,49.529743
3/26/21 12:30,3/26/21,-387.200012,0.984240005,127.9512006,19.6848001,49.21200024
3/26/21 12:32,3/26/21,-386.899994,0.983477376,127.8520589,19.66954753,49.17386882
3/26/21 12:34,3/26/21,-387.100006,0.983985795,127.9181534,19.67971591,49.19928977
3/26/21 12:35,3/26/21,-387.299988,0.984494138,127.9842379,19.68988276,49.2247069
3/26/21 12:37,3/26/21,-385.600006,0.980172882,127.4224747,19.60345765,49.00864411
3/26/21 12:39,3/26/21,-384.5,0.977376731,127.058975,19.54753461,48.86883654
3/26/21 12:41,3/26/21,-384.5,0.977376731,127.058975,19.54753461,48.86883654
3/26/21 12:43,3/26/21,-383.600006,0.975088998,126.7615698,19.50177996,48.7544499
3/26/21 12:45,3/26/21,-382.700012,0.972801265,126.4641645,19.45602531,48.64006327
3/26/21 12:47,3/26/21,-381.299988,0.969242486,126.0015231,19.38484971,48.46212428
3/26/21 12:49,3/26/21,-380.299988,0.966700543,125.6710707,19.33401087,48.33502717
3/26/21 12:51,3/26/21,-379.399994,0.964412811,125.3736654,19.28825622,48.22064054
3/26/21 12:52,3/26/21,-377.600006,0.959837346,124.7788549,19.19674691,47.99186728
3/26/21 12:54,3/26/21,-377.399994,0.959328927,124.7127605,19.18657853,47.96644633
3/26/21 12:56,3/26/21,-377,0.958312165,124.5805815,19.1662433,47.91560825
3/26/21 12:58,3/26/21,-375.600006,0.954753461,124.11795,19.09506923,47.73767307
3/26/21 13:00,3/26/21,-372.700012,0.947381845,123.1596398,18.94763689,47.36909223
3/26/21 13:02,3/26/21,-372.799988,0.947635978,123.1926771,18.95271956,47.38179889
3/26/21 13:04,3/26/21,-370.799988,0.942552094,122.5317722,18.85104187,47.12760468
3/26/21 13:06,3/26/21,-369.399994,0.93899339,122.0691407,18.7798678,46.9496695
3/26/21 13:08,3/26/21,-370.100006,0.94077278,122.3004614,18.8154556,47.038639
3/26/21 13:09,3/26/21,-369.100006,0.938230838,121.9700089,18.76461676,46.91154189
3/26/21 13:11,3/26/21,-367.299988,0.933655296,121.3751885,18.67310593,46.68276482
3/26/21 13:13,3/26/21,-366,0.930350802,120.9456043,18.60701604,46.51754011
3/26/21 13:15,3/26/21,-365.100006,0.92806307,120.648199,18.56126139,46.40315348
3/26/21 13:17,3/26/21,-364.100006,0.925521127,120.3177466,18.51042255,46.27605637
3/26/21 13:19,3/26/21,-363.700012,0.924504366,120.1855676,18.49008732,46.2252183
3/26/21 13:21,3/26/21,-363.399994,0.923741738,120.0864259,18.47483475,46.18708688
3/26/21 13:23,3/26/21,-359.799988,0.914590731,118.896795,18.29181462,45.72953654
3/26/21 13:24,3/26/21,-358.799988,0.912048789,118.5663425,18.24097577,45.60243943
3/26/21 13:26,3/26/21,-357.5,0.908744294,118.1367583,18.17488589,45.43721472
3/26/21 13:28,3/26/21,-357.299988,0.908235876,118.0706638,18.16471751,45.41179378
3/26/21 13:30,3/26/21,-356,0.904931381,117.6410796,18.09862763,45.24656907
3/26/21 13:32,3/26/21,-354.700012,0.901626887,117.2114953,18.03253774,45.08134436
3/26/21 13:34,3/26/21,-353,0.897305555,116.6497222,17.9461111,44.86527776
3/26/21 13:36,3/26/21,-349.700012,0.888917177,115.559233,17.77834354,44.44585884
3/26/21 13:38,3/26/21,-349.899994,0.889425519,115.6253175,17.78851039,44.47127597
3/26/21 13:40,3/26/21,-348,0.884595845,114.9974598,17.69191689,44.22979224
3/26/21 13:41,3/26/21,-347.700012,0.883833293,114.898328,17.67666585,44.19166463
3/26/21 13:43,3/26/21,-346,0.879511961,114.3365549,17.59023921,43.97559803
3/26/21 13:45,3/26/21,-345.299988,0.877732571,114.1052342,17.55465141,43.88662853
3/26/21 13:47,3/26/21,-342.200012,0.869852611,113.0808394,17.39705222,43.49263056
3/26/21 13:49,3/26/21,-342.299988,0.870106744,113.1138768,17.40213489,43.50533722
3/26/21 13:51,3/26/21,-340.399994,0.86527707,112.4860191,17.30554139,43.26385348
3/26/21 13:53,3/26/21,-341.700012,0.86858164,112.9156132,17.3716328,43.429082
3/26/21 13:55,3/26/21,-338.299988,0.859938976,111.7920669,17.19877952,42.9969488
3/26/21 13:57,3/26/21,-337.200012,0.857142901,111.4285771,17.14285801,42.85714504
3/26/21 13:58,3/26/21,-334.5,0.850279627,110.5363515,17.00559253,42.51398133
3/26/21 14:00,3/26/21,-336.399994,0.855109301,111.1642092,17.10218603,42.75546506
3/26/21 14:02,3/26/21,-333.200012,0.846975132,110.1067672,16.93950265,42.34875662
3/26/21 14:04,3/26/21,-333.200012,0.846975132,110.1067672,16.93950265,42.34875662
3/26/21 14:06,3/26/21,-331.5,0.8426538,109.544994,16.85307601,42.13269002
3/26/21 14:08,3/26/21,-329.799988,0.838332468,108.9832209,16.76664937,41.91662342
3/26/21 14:10,3/26/21,-327.399994,0.832231823,108.1901369,16.64463645,41.61159113
3/26/21 14:12,3/26/21,-325.200012,0.826639596,107.4631474,16.53279191,41.33197979
3/26/21 14:14,3/26/21,-322.299988,0.819267903,106.5048273,16.38535805,40.96339513
3/26/21 14:15,3/26/21,-320.799988,0.81545499,106.0091486,16.30909979,40.77274948
3/26/21 14:17,3/26/21,-318.399994,0.809354344,105.2160647,16.18708688,40.46771719
3/26/21 14:19,3/26/21,-319.5,0.812150495,105.5795644,16.24300991,40.60752477
3/26/21 14:21,3/26/21,-317.200012,0.806304059,104.8195277,16.12608118,40.31520295
3/26/21 14:23,3/26/21,-315,0.800711756,104.0925283,16.01423512,40.0355878
3/26/21 14:25,3/26/21,-312,0.79308593,103.1011709,15.86171859,39.65429649
3/26/21 14:27,3/26/21,-303.600006,0.771733631,100.3253721,15.43467263,38.58668157
3/26/21 14:29,3/26/21,-308,0.782918161,101.779361,15.65836323,39.14590807
3/26/21 14:30,3/26/21,-307.200012,0.780884638,101.515003,15.61769276,39.04423191
3/26/21 14:32,3/26/21,-306.5,0.779105248,101.2836823,15.58210497,38.95526241
3/26/21 14:34,3/26/21,-305.600006,0.776817516,100.986277,15.53635031,38.84087578
3/26/21 14:36,3/26/21,-302,0.767666509,99.79664616,15.35333018,38.38332545
3/26/21 14:38,3/26/21,-300.100006,0.762836834,99.16878845,15.25673668,38.14184171
3/26/21 14:40,3/26/21,-298.100006,0.75775295,98.50788351,15.155059,37.8876475
3/26/21 14:42,3/26/21,-295.700012,0.751652304,97.71479956,15.03304609,37.58261521
3/26/21 14:44,3/26/21,-291.799988,0.741738669,96.42602699,14.83477338,37.08693346
3/26/21 14:46,3/26/21,-289.399994,0.735638023,95.63294304,14.71276047,36.78190117
3/26/21 14:47,3/26/21,-286.299988,0.727757988,94.6085384,14.55515975,36.38789939
3/26/21 14:49,3/26/21,-283.700012,0.721148999,93.74936991,14.42297999,36.05744997
3/26/21 14:51,3/26/21,-280.5,0.713014754,92.69191804,14.26029508,35.65073771
3/26/21 14:53,3/26/21,-278.299988,0.707422451,91.96491864,14.14844902,35.37112255
3/26/21 14:55,3/26/21,-274.100006,0.69674634,90.57702421,13.9349268,34.837317
3/26/21 14:57,3/26/21,-268.799988,0.683274001,88.82562017,13.66548003,34.16370006
3/26/21 14:59,3/26/21,-267.600006,0.680223717,88.42908315,13.60447433,34.01118583
3/26/21 15:01,3/26/21,-267.899994,0.680986269,88.52821492,13.61972537,34.04931343
3/26/21 15:03,3/26/21,-266.5,0.677427565,88.06558345,13.5485513,33.87137825
3/26/21 15:04,3/26/21,-265.100006,0.673868861,87.60295197,13.47737723,33.69344307
3/26/21 15:06,3/26/21,-261.5,0.664717855,86.41332109,13.29435709,33.23589273
3/26/21 15:08,3/26/21,-261.100006,0.663701093,86.28114209,13.27402186,33.18505465
3/26/21 15:10,3/26/21,-256,0.650737173,84.59583251,13.01474346,32.53685866
3/26/21 15:12,3/26/21,-253.199997,0.643619728,83.6705646,12.87239455,32.18098638
3/26/21 15:14,3/26/21,-249.800003,0.63497714,82.54702818,12.6995428,31.74885699
3/26/21 15:16,3/26/21,-246.5,0.626588723,81.45653403,12.53177447,31.32943617
3/26/21 15:18,3/26/21,-242.699997,0.616929336,80.20081365,12.33858672,30.84646679
3/26/21 15:19,3/26/21,-241,0.612608042,79.63904544,12.25216084,30.63040209
3/26/21 15:21,3/26/21,-236.100006,0.600152541,78.01983032,12.00305082,30.00762705
3/26/21 15:23,3/26/21,-234.5,0.596085418,77.49110438,11.92170837,29.80427092
3/26/21 15:25,3/26/21,-233,0.592272505,76.99542568,11.8454501,29.61362526
3/26/21 15:27,3/26/21,-231.699997,0.588967973,76.56583648,11.77935946,29.44839864
3/26/21 15:29,3/26/21,-228.300003,0.580325385,75.44230006,11.6065077,29.01626925
3/26/21 15:31,3/26/21,-225.699997,0.57371632,74.58312165,11.47432641,28.68581602
3/26/21 15:33,3/26/21,-221,0.5617692,73.02999603,11.235384,28.08846001
3/26/21 15:35,3/26/21,-218.800003,0.556176935,72.30300159,11.12353871,27.80884676
3/26/21 15:36,3/26/21,-214,0.543975606,70.71682873,10.87951211,27.19878028
3/26/21 15:38,3/26/21,-213.100006,0.541687873,70.41942349,10.83375746,27.08439365
3/26/21 15:40,3/26/21,-207.600006,0.527707192,68.6019349,10.55414383,26.38535958
3/26/21 15:42,3/26/21,-203.399994,0.517031004,67.21403056,10.34062009,25.85155022
3/26/21 15:44,3/26/21,-202.199997,0.513980681,66.81748859,10.27961363,25.69903407
3/26/21 15:46,3/26/21,-198.300003,0.504067123,65.52872594,10.08134245,25.20335613
3/26/21 15:48,3/26/21,-196.699997,0.5,65,10,25
3/26/21 15:50,3/26/21,-195.199997,0.496187087,64.50432129,9.923741738,24.80935434
3/26/21 15:52,3/26/21,-189.899994,0.482714786,62.75292221,9.654295724,24.13573931
3/26/21 15:53,3/26/21,-186,0.472801227,61.46415955,9.456024547,23.64006137
3/26/21 15:55,3/26/21,-181.600006,0.461616697,60.01017067,9.232333949,23.08083487
3/26/21 15:57,3/26/21,-179.5,0.456278604,59.31621849,9.125572076,22.81393019
3/26/21 15:59,3/26/21,-175.800003,0.446873426,58.09354534,8.937468515,22.34367129
3/26/21 16:01,3/26/21,-172.899994,0.439501771,57.13523021,8.790035416,21.97508854
3/26/21 16:03,3/26/21,-167.399994,0.425521089,55.31774162,8.510421787,21.27605447
3/26/21 16:05,3/26/21,-162.100006,0.412048827,53.56634749,8.240976536,20.60244134
3/26/21 16:07,3/26/21,-157.899994,0.40137264,52.17844314,8.027452791,20.06863198
3/26/21 16:08,3/26/21,-154.5,0.392730052,51.05490673,7.854601035,19.63650259
3/26/21 16:10,3/26/21,-152,0.386375197,50.22877555,7.727503931,19.31875983
3/26/21 16:12,3/26/21,-148.100006,0.376461638,48.9400129,7.529232753,18.82308188
3/26/21 16:14,3/26/21,-145.5,0.369852573,48.08083449,7.39705146,18.49262865
3/26/21 16:16,3/26/21,-141.300003,0.359176424,46.6929351,7.183528478,17.95882119
3/26/21 16:18,3/26/21,-139.5,0.354600921,46.09811967,7.09201841,17.73004603
3/26/21 16:20,3/26/21,-136.100006,0.345958333,44.97458325,6.919166654,17.29791663
3/26/21 16:22,3/26/21,-132.100006,0.335790564,43.65277337,6.715811287,16.78952822
3/26/21 16:24,3/26/21,-129,0.327910529,42.62836872,6.558210573,16.39552643
3/26/21 16:25,3/26/21,-125.099998,0.317996949,41.33960343,6.359938989,15.89984747
3/26/21 16:27,3/26/21,-120.199997,0.305541431,39.72038599,6.110828614,15.27707153
3/26/21 16:29,3/26/21,-117.199997,0.297915604,38.72902858,5.958312089,14.89578022
3/26/21 16:31,3/26/21,-113.699997,0.289018807,37.57244493,5.780376143,14.45094036
3/26/21 16:33,3/26/21,-111.300003,0.282918161,36.77936098,5.658363228,14.14590807
3/26/21 16:35,3/26/21,-109,0.277071687,36.01931931,5.54143374,13.85358435
3/26/21 16:37,3/26/21,-107.900002,0.274275556,35.65582225,5.485511116,13.71377779
3/26/21 16:39,3/26/21,-102.699997,0.261057444,33.93746775,5.221148885,13.05287221
3/26/21 16:41,3/26/21,-79.400002,0.201830206,26.23792684,4.036604129,10.09151032
3/26/21 16:42,3/26/21,-57.5,0.14616167,19.00101707,2.923233395,7.308083487
3/26/21 16:44,3/26/21,-66.5,0.169039148,21.9750893,3.38078297,8.451957424
3/26/21 16:46,3/26/21,-57.5,0.14616167,19.00101707,2.923233395,7.308083487
3/26/21 16:48,3/26/21,-42.900002,0.10904932,14.17641165,2.180986408,5.452466021
3/26/21 16:50,3/26/21,-76,0.193187598,25.11438778,3.863751965,9.659379913
3/26/21 16:52,3/26/21,-72.599998,0.18454499,23.99084871,3.690899802,9.227249505
3/26/21 16:54,3/26/21,-72.199997,0.183528211,23.85866739,3.670564215,9.176410536
3/26/21 16:56,3/26/21,-71.099998,0.180732077,23.49517001,3.61464154,9.036603849
3/26/21 16:57,3/26/21,-69.099998,0.175648193,22.83426507,3.512963856,8.782409641
3/26/21 16:59,3/26/21,-67.900002,0.172597872,22.43772342,3.45195745,8.629893624
3/26/21 17:01,3/26/21,-66.599998,0.169293338,22.00813389,3.385866752,8.46466688
3/26/21 17:03,3/26/21,-63.700001,0.161921713,21.04982272,3.238434264,8.09608566
3/26/21 17:05,3/26/21,-62.700001,0.159379771,20.71937024,3.187595422,7.968988556
3/26/21 17:07,3/26/21,-60.099998,0.152770714,19.86019283,3.055414281,7.638535704
3/26/21 17:09,3/26/21,-58,0.147432641,19.1662433,2.948652816,7.371632039
3/26/21 17:11,3/26/21,-54.099998,0.137519062,17.87747801,2.750381232,6.875953079
3/26/21 17:13,3/26/21,-51.900002,0.131926799,17.15048389,2.638535983,6.596339958
3/26/21 17:15,3/26/21,-48.400002,0.123030002,15.99390024,2.460600038,6.151500094
3/26/21 17:17,3/26/21,-46.200001,0.117437727,15.26690448,2.348754535,5.871886338
3/26/21 17:19,3/26/21,-42.400002,0.107778349,14.01118542,2.155566988,5.388917469
3/26/21 17:20,3/26/21,-40.099998,0.101931872,13.25114342,2.038637448,5.096593621
3/26/21 17:22,3/26/21,-37,0.094051857,12.22674142,1.881037141,4.702592853
3/26/21 17:24,3/26/21,-35,0.088967973,11.56583648,1.779359458,4.448398644
3/26/21 17:26,3/26/21,-31.799999,0.080833756,10.50838824,1.616675114,4.041687784
3/26/21 17:28,3/26/21,-29.799999,0.075749872,9.847483297,1.51499743,3.787493576
3/26/21 17:30,3/26/21,-26.6,0.067615659,8.790035721,1.352313188,3.38078297
3/26/21 17:32,3/26/21,-24.799999,0.063040161,8.195220943,1.260803222,3.152008055
3/26/21 17:34,3/26/21,-22.700001,0.057702088,7.501271416,1.154041756,2.885104391
3/26/21 17:36,3/26/21,-21.299999,0.054143364,7.038637296,1.082867276,2.707168191
3/26/21 17:37,3/26/21,-19.200001,0.048805291,6.344687768,0.976105811,2.440264526
3/26/21 17:39,3/26/21,-18.1,0.046009152,5.98118972,0.920183034,2.300457585
3/26/21 17:41,3/26/21,-14.8,0.037620743,4.890696567,0.752414856,1.881037141
3/26/21 17:43,3/26/21,-12.5,0.031774276,4.130655884,0.635485521,1.588713802
3/26/21 17:45,3/26/21,-11.4,0.02897814,3.767158166,0.579562795,1.448906987
3/26/21 17:47,3/26/21,-9.4,0.023894256,3.106253225,0.477885112,1.194712779
3/26/21 17:49,3/26/21,-8.8,0.02236909,2.907981742,0.447381807,1.118454516
3/26/21 17:51,3/26/21,-7.7,0.019572954,2.544484025,0.391459081,0.978647702
3/26/21 17:52,3/26/21,-7.2,0.018301983,2.379257789,0.36603966,0.91509915
3/26/21 17:54,3/26/21,-6.2,0.015760041,2.048805318,0.315200818,0.788002046
3/26/21 17:56,3/26/21,-5.6,0.014234876,1.850533836,0.284697513,0.711743783
3/26/21 17:58,3/26/21,-4.7,0.011947128,1.553126612,0.238942556,0.597356389
3/26/21 18:00,3/26/21,-4.1,0.010421963,1.35485513,0.208439251,0.521098127
3/26/21 18:02,3/26/21,-3,0.007625826,0.991357412,0.152516525,0.381291312
3/26/21 18:04,3/26/21,-2.6,0.006609049,0.859176424,0.132180988,0.330452471
3/26/21 18:06,3/26/21,-2,0.005083884,0.660904941,0.101677683,0.254194208
3/26/21 18:08,3/26/21,-1.6,0.004067107,0.528723953,0.081342147,0.203355367
3/26/21 18:09,3/26/21,-1.2,0.00305033,0.396542965,0.06100661,0.152516525
3/26/21 18:11,3/26/21,-0.8,0.002033554,0.264361977,0.040671073,0.101677683
3/26/21 18:13,3/26/21,-0.5,0.001270971,0.165226235,0.025419421,0.063548552
3/26/21 18:15,3/26/21,0,0,0,0,0
3/26/21 18:17,3/26/21,-0.1,0.000254194,0.033045247,0.005083884,0.01270971
3/26/21 18:19,3/26/21,0,0,0,0,0
3/26/21 18:21,3/26/21,0.2,-0.000508388,-0.066090494,-0.010167768,-0.025419421
3/26/21 18:23,3/26/21,0.2,-0.000508388,-0.066090494,-0.010167768,-0.025419421
3/26/21 18:25,3/26/21,0,0,0,0,0
3/26/21 18:26,3/26/21,0,0,0,0,0
3/26/21 18:28,3/26/21,0,0,0,0,0
3/26/21 18:30,3/26/21,0,0,0,0,0
3/26/21 18:32,3/26/21,0,0,0,0,0
3/26/21 18:34,3/26/21,0,0,0,0,0
3/26/21 18:36,3/26/21,0,0,0,0,0
3/26/21 18:38,3/26/21,0,0,0,0,0
3/26/21 18:40,3/26/21,0,0,0,0,0
3/26/21 18:41,3/26/21,0,0,0,0,0
3/26/21 18:43,3/26/21,0,0,0,0,0
3/26/21 18:45,3/26/21,0,0,0,0,0
3/26/21 18:47,3/26/21,0,0,0,0,0
3/26/21 18:49,3/26/21,0,0,0,0,0
3/26/21 18:51,3/26/21,0,0,0,0,0
3/26/21 18:53,3/26/21,0,0,0,0,0
3/26/21 18:55,3/26/21,0,0,0,0,0
3/26/21 18:57,3/26/21,0,0,0,0,0
3/26/21 18:58,3/26/21,0,0,0,0,0
3/26/21 19:00,3/26/21,0,0,0,0,0
3/26/21 19:02,3/26/21,0,0,0,0,0
3/26/21 19:04,3/26/21,0,0,0,0,0
3/26/21 19:06,3/26/21,0,0,0,0,0
3/26/21 19:08,3/26/21,0,0,0,0,0
3/26/21 19:10,3/26/21,0,0,0,0,0
3/26/21 19:12,3/26/21,0,0,0,0,0
3/26/21 19:14,3/26/21,0,0,0,0,0
3/26/21 19:15,3/26/21,0,0,0,0,0
3/26/21 19:17,3/26/21,0,0,0,0,0
3/26/21 19:19,3/26/21,0,0,0,0,0
3/26/21 19:21,3/26/21,0,0,0,0,0
3/26/21 19:23,3/26/21,0,0,0,0,0
3/26/21 19:25,3/26/21,0,0,0,0,0
3/26/21 19:27,3/26/21,0,0,0,0,0
3/26/21 19:29,3/26/21,0,0,0,0,0
3/26/21 19:30,3/26/21,0,0,0,0,0
3/26/21 19:32,3/26/21,0,0,0,0,0
3/26/21 19:34,3/26/21,0,0,0,0,0
3/26/21 19:36,3/26/21,0,0,0,0,0
3/26/21 19:38,3/26/21,0,0,0,0,0
3/26/21 19:40,3/26/21,0,0,0,0,0
3/26/21 19:42,3/26/21,0,0,0,0,0
3/26/21 19:44,3/26/21,0,0,0,0,0
3/26/21 19:46,3/26/21,0,0,0,0,0
3/26/21 19:47,3/26/21,0,0,0,0,0
3/26/21 19:49,3/26/21,0,0,0,0,0
3/26/21 19:51,3/26/21,0,0,0,0,0
3/26/21 19:53,3/26/21,0,0,0,0,0
3/26/21 19:55,3/26/21,0,0,0,0,0
3/26/21 19:57,3/26/21,0,0,0,0,0
3/26/21 19:59,3/26/21,0,0,0,0,0
3/26/21 20:01,3/26/21,0,0,0,0,0
3/26/21 20:03,3/26/21,0,0,0,0,0
3/26/21 20:04,3/26/21,0,0,0,0,0
3/26/21 20:06,3/26/21,0,0,0,0,0
3/26/21 20:08,3/26/21,0,0,0,0,0
3/26/21 20:10,3/26/21,0,0,0,0,0
3/26/21 20:12,3/26/21,0,0,0,0,0
3/26/21 20:14,3/26/21,0,0,0,0,0
3/26/21 20:16,3/26/21,0,0,0,0,0
3/26/21 20:18,3/26/21,0,0,0,0,0
3/26/21 20:20,3/26/21,0,0,0,0,0
3/26/21 20:21,3/26/21,0,0,0,0,0
3/26/21 20:23,3/26/21,0,0,0,0,0
3/26/21 20:25,3/26/21,0,0,0,0,0
3/26/21 20:27,3/26/21,0,0,0,0,0
3/26/21 20:29,3/26/21,0,0,0,0,0
3/26/21 20:31,3/26/21,0,0,0,0,0
3/26/21 20:33,3/26/21,0,0,0,0,0
3/26/21 20:35,3/26/21,0,0,0,0,0
3/26/21 20:36,3/26/21,0,0,0,0,0
3/26/21 20:38,3/26/21,0,0,0,0,0
3/26/21 20:40,3/26/21,0,0,0,0,0
3/26/21 20:42,3/26/21,0,0,0,0,0
3/26/21 20:44,3/26/21,0,0,0,0,0
3/26/21 20:46,3/26/21,0,0,0,0,0
3/26/21 20:48,3/26/21,0,0,0,0,0
3/26/21 20:50,3/26/21,0,0,0,0,0
3/26/21 20:52,3/26/21,0,0,0,0,0
3/26/21 20:53,3/26/21,0,0,0,0,0
3/26/21 20:55,3/26/21,0,0,0,0,0
3/26/21 20:57,3/26/21,0,0,0,0,0
3/26/21 20:59,3/26/21,0,0,0,0,0
3/26/21 21:01,3/26/21,0,0,0,0,0
3/26/21 21:03,3/26/21,0,0,0,0,0
3/26/21 21:05,3/26/21,0,0,0,0,0
3/26/21 21:07,3/26/21,0,0,0,0,0
3/26/21 21:08,3/26/21,0,0,0,0,0
3/26/21 21:10,3/26/21,0,0,0,0,0
3/26/21 21:12,3/26/21,0,0,0,0,0
3/26/21 21:14,3/26/21,0,0,0,0,0
3/26/21 21:16,3/26/21,0,0,0,0,0
3/26/21 21:18,3/26/21,0,0,0,0,0
3/26/21 21:20,3/26/21,0,0,0,0,0
3/26/21 21:22,3/26/21,0,0,0,0,0
3/26/21 21:24,3/26/21,0,0,0,0,0
3/26/21 21:25,3/26/21,0,0,0,0,0
3/26/21 21:27,3/26/21,0,0,0,0,0
3/26/21 21:29,3/26/21,0,0,0,0,0
3/26/21 21:31,3/26/21,0,0,0,0,0
3/26/21 21:33,3/26/21,0,0,0,0,0
3/26/21 21:35,3/26/21,0,0,0,0,0
3/26/21 21:37,3/26/21,0,0,0,0,0
3/26/21 21:39,3/26/21,0,0,0,0,0
3/26/21 21:41,3/26/21,0,0,0,0,0
3/26/21 21:42,3/26/21,0,0,0,0,0
3/26/21 21:44,3/26/21,0,0,0,0,0
3/26/21 21:46,3/26/21,0,0,0,0,0
3/26/21 21:48,3/26/21,0,0,0,0,0
3/26/21 21:50,3/26/21,0,0,0,0,0
3/26/21 21:52,3/26/21,0,0,0,0,0
3/26/21 21:54,3/26/21,0,0,0,0,0
3/26/21 21:56,3/26/21,0,0,0,0,0
3/26/21 21:57,3/26/21,0,0,0,0,0
3/26/21 21:59,3/26/21,0,0,0,0,0
3/26/21 22:01,3/26/21,0,0,0,0,0
3/26/21 22:03,3/26/21,0,0,0,0,0
3/26/21 22:05,3/26/21,0,0,0,0,0
3/26/21 22:07,3/26/21,0,0,0,0,0
3/26/21 22:09,3/26/21,0,0,0,0,0
3/26/21 22:11,3/26/21,0,0,0,0,0
3/26/21 22:13,3/26/21,0,0,0,0,0
3/26/21 22:14,3/26/21,0,0,0,0,0
3/26/21 22:16,3/26/21,0,0,0,0,0
3/26/21 22:18,3/26/21,0,0,0,0,0
3/26/21 22:20,3/26/21,0,0,0,0,0
3/26/21 22:22,3/26/21,0,0,0,0,0
3/26/21 22:24,3/26/21,0,0,0,0,0
3/26/21 22:26,3/26/21,0,0,0,0,0
3/26/21 22:28,3/26/21,0,0,0,0,0
3/26/21 22:30,3/26/21,0,0,0,0,0
3/26/21 22:31,3/26/21,0,0,0,0,0
3/26/21 22:33,3/26/21,0,0,0,0,0
3/26/21 22:35,3/26/21,0,0,0,0,0
3/26/21 22:37,3/26/21,0,0,0,0,0
3/26/21 22:39,3/26/21,0,0,0,0,0
3/26/21 22:41,3/26/21,0,0,0,0,0
3/26/21 22:43,3/26/21,0,0,0,0,0
3/26/21 22:45,3/26/21,0,0,0,0,0
3/26/21 22:46,3/26/21,0,0,0,0,0
3/26/21 22:48,3/26/21,0,0,0,0,0
3/26/21 22:50,3/26/21,0,0,0,0,0
3/26/21 22:52,3/26/21,0,0,0,0,0
3/26/21 22:54,3/26/21,0,0,0,0,0
3/26/21 22:56,3/26/21,0,0,0,0,0
3/26/21 22:58,3/26/21,0,0,0,0,0
3/26/21 23:00,3/26/21,0,0,0,0,0
3/26/21 23:02,3/26/21,0,0,0,0,0
3/26/21 23:03,3/26/21,0,0,0,0,0
3/26/21 23:05,3/26/21,0,0,0,0,0
3/26/21 23:07,3/26/21,0,0,0,0,0
3/26/21 23:09,3/26/21,0,0,0,0,0
3/26/21 23:11,3/26/21,0,0,0,0,0
3/26/21 23:13,3/26/21,0,0,0,0,0
3/26/21 23:15,3/26/21,0,0,0,0,0
3/26/21 23:17,3/26/21,0,0,0,0,0
3/26/21 23:19,3/26/21,0,0,0,0,0
3/26/21 23:20,3/26/21,0,0,0,0,0
3/26/21 23:22,3/26/21,0,0,0,0,0
3/26/21 23:24,3/26/21,0,0,0,0,0
3/26/21 23:26,3/26/21,0,0,0,0,0
3/26/21 23:28,3/26/21,0,0,0,0,0
3/26/21 23:30,3/26/21,0,0,0,0,0
3/26/21 23:32,3/26/21,0,0,0,0,0
3/26/21 23:34,3/26/21,0,0,0,0,0
3/26/21 23:36,3/26/21,0,0,0,0,0
3/26/21 23:37,3/26/21,0,0,0,0,0
3/26/21 23:39,3/26/21,0,0,0,0,0
3/26/21 23:41,3/26/21,0,0,0,0,0
3/26/21 23:43,3/26/21,0,0,0,0,0
3/26/21 23:45,3/26/21,0,0,0,0,0
3/26/21 23:47,3/26/21,0,0,0,0,0
3/26/21 23:49,3/26/21,0,0,0,0,0
3/26/21 23:51,3/26/21,0,0,0,0,0
3/26/21 23:52,3/26/21,0,0,0,0,0
3/26/21 23:54,3/26/21,0,0,0,0,0
3/26/21 23:56,3/26/21,0,0,0,0,0
3/26/21 23:58,3/26/21,0,0,0,0,0