date,simulate_pv,solar_to_battery,solar_to_battery_purchase_price,pv_size_kW,storage_size_kWh,storage_power_kW,control_mode,weather_normalization,peak_load,peak_pv,peak_net_load_after_pv,peak_net_load_after_storage,original_energy_bill,post_pv_energy_bill,post_pv&storage_energy_bill,pv_energy_saving,pv_energy_saving_monthly,storage_energy_saving,storage_energy_saving_monthly,original_demand_bill,post_pv_demand_bill,post_pv&storage_demand_bill,pv_demand_saving,storage_demand_saving,IRR,pv_export_revenue,pv_import_charge,0_8_max_net_load_after_pv,12_17_max_net_load_after_pv,8_10_min_net_load_after_pv,8_12_min_net_load_after_pv,17_21_min_net_load_after_pv,total_pv_production_kWh,storage_per_kWh_revenue,2cd_complete,weekday
2020-08-01,False,False,0.35,340,1000,250,2cd,1,63.63846154,-0.0,63.63846154,307.54615385,-716.0088180227517,-716.0088180227517,-744.0392205233927,0.0,0.0,-28.030402500641003,-840.9120750192301,-2545.5384616,-2545.5384616,-12301.846153999999,0.0,-9756.307692399998,,0.0,-0.0,57.54615385,63.63846154,41.17692308,41.17692308,40.16153846,0.0,-0.028030402500641004,0,0
2020-08-02,False,False,0.35,340,1000,250,2cd,1,58.14615385,-0.0,58.14615385,306.37692308,-721.1255722855917,-721.1255722855917,-738.6430168363352,0.0,0.0,-17.51744455074345,-525.5233365223035,-2325.846154,-2325.846154,-12255.076923199998,0.0,-9929.2307692,,0.0,-0.0,55.6,57.58461538,42.95384615,41.48571429,39.49230769,0.0,-0.017517444550743447,0,0
2020-08-03,False,False,0.35,340,1000,250,2cd,1,446.5615385,-0.0,446.5615385,510.0,-3340.2469004607274,-3340.2469004607274,-2503.0377504516778,0.0,0.0,837.2091500090496,25116.274500271487,-17862.46154,-17862.46154,-20400.0,0.0,-2537.5384599999998,0.0660094338518793,0.0,-0.0,123.0769231,324.8307692,283.3769231,265.2153846,77.8,0.0,0.8372091500090496,0,1
2020-08-04,False,False,0.35,340,1000,250,2cd,1,370.9923077,-0.0,370.9923077,510.0,-3267.352362683464,-3267.352362683464,-2448.0595671666124,0.0,0.0,819.2927955168516,24578.783865505546,-14839.692308000002,-14839.692308000002,-20400.0,0.0,-5560.3076919999985,0.038976694996613936,0.0,-0.0,135.5,353.3153846,268.7384615,205.1714286,64.17692308,0.0,0.8192927955168516,0,1
2020-08-05,False,False,0.35,340,1000,250,2cd,1,431.0076923,-0.0,431.0076923,510.0,-3443.30161255114,-3443.30161255114,-2633.1084295506153,0.0,0.0,810.1931830005246,24305.79549001574,-17240.307692,-17240.307692,-20400.0,0.0,-3159.6923080000015,0.055983630634078185,0.0,-0.0,77.16153846,383.0153846,339.2,276.0923077,70.46923077,0.0,0.8101931830005247,0,1
2020-08-06,False,False,0.35,340,1000,250,2cd,1,403.2692308,-0.0,403.2692308,510.0,-3255.08876089085,-3255.08876089085,-2509.7775563537575,0.0,0.0,745.3112045370926,22359.33613611278,-16130.769232,-16130.769232,-20400.0,0.0,-4269.230767999999,0.03395626281017661,0.0,-0.0,138.5692308,388.5615385,288.8692308,218.8846154,65.45384615,0.0,0.7453112045370927,0,1
2020-08-07,False,False,0.35,340,1000,250,2cd,1,449.9615385,-0.0,449.9615385,510.0,-3484.8324330050673,-3484.8324330050673,-2671.7472937761677,0.0,0.0,813.0851392288996,24392.554176866986,-17998.46154,-17998.46154,-20400.0,0.0,-2401.5384599999998,0.06233644467793864,0.0,-0.0,146.6769231,404.5692308,330.1846154,278.7692308,66.29230769,0.0,0.8130851392288996,0,1
2020-08-08,False,False,0.35,340,1000,250,2cd,1,193.5538462,-0.0,193.5538462,413.1,-1489.577830214701,-1489.577830214701,-1333.0674393129605,0.0,0.0,156.5103909017405,4695.311727052214,-7742.153848,-7742.153848,-16524.0,0.0,-8781.846152,,0.0,-0.0,145.9923077,193.5538462,126.5846154,112.0230769,36.66923077,0.0,0.1565103909017405,0,0
2020-08-09,False,False,0.35,340,1000,250,2cd,1,158.8714286,-0.0,158.8714286,408.8714286,-1486.354720644797,-1486.354720644797,-1224.614816332854,0.0,0.0,261.73990431194306,7852.197129358292,-6354.857144,-6354.857144,-16354.857144,0.0,-10000.0,,0.0,-0.0,50.56923077,158.8714286,115.6846154,115.6846154,36.62857143,0.0,0.26173990431194305,0,0
2020-08-10,False,False,0.35,340,1000,250,2cd,1,416.2,-0.0,416.2,510.0,-3528.3043588793143,-3528.3043588793143,-2644.914446288909,0.0,0.0,883.3899125904054,26501.69737771216,-16648.0,-16648.0,-20400.0,0.0,-3752.0,0.06584830518388318,0.0,-0.0,141.0307692,416.2,312.8615385,201.5307692,53.93846154,0.0,0.8833899125904054,0,1
2020-08-11,False,False,0.35,340,1000,250,2cd,1,398.2307692,-0.0,398.2307692,510.0,-3205.1936430526684,-3205.1936430526684,-2445.693087780905,0.0,0.0,759.5005552717635,22785.016658152905,-15929.230768,-15929.230768,-20400.0,0.0,-4470.769232000001,0.035302000613067985,0.0,-0.0,90.55384615,332.3769231,300.6846154,205.6,54.92307692,0.0,0.7595005552717634,0,1
2020-08-12,False,False,0.35,340,1000,250,2cd,1,408.5384615,-0.0,408.5384615,510.0,-3153.2130434820638,-3153.2130434820638,-2403.4053459734596,0.0,0.0,749.8076975086042,22494.230925258125,-16341.53846,-16341.53846,-20400.0,0.0,-4058.4615400000002,0.03661369554680349,0.0,-0.0,139.6153846,330.2142857,261.5769231,211.8769231,55.73076923,0.0,0.7498076975086042,0,1
2020-08-13,False,False,0.35,340,1000,250,2cd,1,437.9230769,-0.0,437.9230769,510.0,-3449.496432635764,-3449.496432635764,-2589.913381222917,0.0,0.0,859.583051412847,25787.49154238541,-17516.923076,-17516.923076,-20400.0,0.0,-2883.076924000001,0.06775116789741031,0.0,-0.0,170.4692308,426.2384615,324.1230769,261.9384615,61.54615385,0.0,0.859583051412847,0,1
2020-08-14,False,False,0.35,340,1000,250,2cd,1,395.8153846,-0.0,395.8153846,510.0,-3158.413327115833,-3158.413327115833,-2513.010703994537,0.0,0.0,645.4026231212961,19362.078693638883,-15832.615384,-15832.615384,-20400.0,0.0,-4567.384615999999,0.008490445654033563,0.0,-0.0,162.5142857,360.0071429,290.1,234.4846154,48.16153846,0.0,0.645402623121296,0,1
2020-08-15,False,False,0.35,340,1000,250,2cd,1,66.85384615,-0.0,66.85384615,311.01538462,-769.5370667938039,-769.5370667938039,-777.0499133715666,0.0,0.0,-7.51284657776273,-225.3853973328819,-2674.1538459999997,-2674.1538459999997,-12440.615384800001,0.0,-9766.461538800002,,0.0,-0.0,57.13846154,66.85384615,43.24615385,43.24615385,42.92307692,0.0,-0.00751284657776273,0,0
2020-08-16,False,False,0.35,340,1000,250,2cd,1,60.94615385,-0.0,60.94615385,303.27692308,-688.7773293367752,-688.7773293367752,-726.0222919763435,0.0,0.0,-37.24496263956826,-1117.3488791870477,-2437.846154,-2437.846154,-12131.0769232,0.0,-9693.2307692,,0.0,-0.0,53.45714286,53.82307692,38.90769231,38.90769231,38.25384615,0.0,-0.03724496263956826,0,0
2020-08-17,False,False,0.35,340,1000,250,2cd,1,408.9,-0.0,408.9,510.0,-3437.2762011303025,-3437.2762011303025,-2599.8298131687206,0.0,0.0,837.4463879615819,25123.391638847457,-16356.0,-16356.0,-20400.0,0.0,-4044.0,0.054595742019569515,0.0,-0.0,142.4076923,408.9,306.1071429,249.6,81.9,0.0,0.8374463879615819,0,1
2020-08-18,False,False,0.35,340,1000,250,2cd,1,463.8538462,-0.0,463.8538462,510.0,-3632.7352313849415,-3632.7352313849415,-2718.3572816611604,0.0,0.0,914.3779497237811,27431.33849171343,-18554.153848,-18554.153848,-20400.0,0.0,-1845.8461519999983,0.08574514549323276,0.0,-0.0,161.0076923,405.3230769,348.3076923,299.8384615,73.2,0.0,0.9143779497237811,0,1
2020-08-19,False,False,0.35,340,1000,250,2cd,1,412.7076923,-0.0,412.7076923,510.0,-3414.1498021317575,-3414.1498021317575,-2574.8339369314326,0.0,0.0,839.3158652003249,25179.475956009745,-16508.307692000002,-16508.307692000002,-20400.0,0.0,-3891.692307999998,0.0561399040308741,0.0,-0.0,158.1076923,351.7076923,306.9230769,212.6076923,68.66923077,0.0,0.8393158652003249,0,1
2020-08-20,False,False,0.35,340,1000,250,2cd,1,405.3714286,-0.0,405.3714286,510.0,-3327.8336239831556,-3327.8336239831556,-2548.6427527941314,0.0,0.0,779.1908711890242,23375.726135670724,-16214.857144,-16214.857144,-20400.0,0.0,-4185.142856,0.041691426288468225,0.0,-0.0,173.5615385,365.4461538,316.2923077,243.0692308,67.72307692,0.0,0.7791908711890242,0,1
2020-08-21,False,False,0.35,340,1000,250,2cd,1,455.0307692,-0.0,455.0307692,510.0,-3429.1659984896232,-3429.1659984896232,-2573.143057914974,0.0,0.0,856.022940574649,25680.688217239473,-18201.230768,-18201.230768,-20400.0,0.0,-2198.7692319999987,0.0721593701925416,0.0,-0.0,148.4,402.4076923,314.5307692,290.5461538,54.95384615,0.0,0.856022940574649,0,1
2020-08-22,False,False,0.35,340,1000,250,2cd,1,63.84615385,-0.0,63.84615385,313.84615385,-671.8818826358579,-671.8818826358579,-717.0706267007779,0.0,0.0,-45.18874406492,-1355.6623219476,-2553.846154,-2553.846154,-12553.846154,0.0,-10000.0,,0.0,-0.0,63.84615385,53.55384615,37.86153846,37.86153846,35.07692308,0.0,-0.04518874406492,0,0
2020-08-23,False,False,0.35,340,1000,250,2cd,1,51.39230769,-0.0,51.39230769,298.18461537999997,-624.905494377906,-624.905494377906,-678.1383709985371,0.0,0.0,-53.23287662063103,-1596.986298618931,-2055.6923076000003,-2055.6923076000003,-11927.384615199999,0.0,-9871.692307599998,,0.0,-0.0,47.46153846,50.79230769,34.66153846,34.53076923,36.00769231,0.0,-0.05323287662063103,0,0
2020-08-24,False,False,0.35,340,1000,250,2cd,1,415.7923077,-0.0,415.7923077,510.0,-3469.0384985836863,-3469.0384985836863,-2573.1169110638784,0.0,0.0,895.9215875198079,26877.647625594236,-16631.692307999998,-16631.692307999998,-20400.0,0.0,-3768.307692000002,0.06815118634468864,0.0,-0.0,120.6,411.1384615,300.1615385,225.6461538,56.9,0.0,0.8959215875198079,0,1
2020-08-25,False,False,0.35,340,1000,250,2cd,1,423.0692308,-0.0,423.0692308,510.0,-3309.5904704756354,-3309.5904704756354,-2522.84536120679,0.0,0.0,786.7451092688452,23602.353278065355,-16922.769232,-16922.769232,-20400.0,0.0,-3477.2307680000013,0.04882406531561778,0.0,-0.0,145.6769231,348.3615385,319.2,221.6285714,54.87692308,0.0,0.7867451092688452,0,1
2020-08-26,False,False,0.35,340,1000,250,2cd,1,433.3615385,-0.0,433.3615385,510.0,-3334.1024824326637,-3334.1024824326637,-2580.3276965639275,0.0,0.0,753.7747858687362,22613.243576062087,-17334.46154,-17334.46154,-20400.0,0.0,-3065.5384599999998,0.04536527502633447,0.0,-0.0,199.0153846,365.9153846,352.3923077,224.2307692,48.47692308,0.0,0.7537747858687363,0,1
2020-08-27,False,False,0.35,340,1000,250,2cd,1,360.3153846,-0.0,360.3153846,510.0,-3075.531759688459,-3075.531759688459,-2292.157567631337,0.0,0.0,783.374192057122,23501.225761713657,-14412.615384,-14412.615384,-20400.0,0.0,-5987.384615999999,0.027831961608013378,0.0,-0.0,83.02307692,360.3153846,264.8846154,200.4230769,44.86153846,0.0,0.783374192057122,0,1
2020-08-28,False,False,0.35,340,1000,250,2cd,1,441.7076923,-0.0,441.7076923,510.0,-3210.5691383513895,-3210.5691383513895,-2509.9902514104742,0.0,0.0,700.5788869409153,21017.366608227458,-17668.307692000002,-17668.307692000002,-20400.0,0.0,-2731.692307999998,0.03705837410199253,0.0,-0.0,128.4846154,364.0307692,323.8230769,248.7615385,44.94615385,0.0,0.7005788869409153,0,1
2020-08-29,False,False,0.35,340,1000,250,2cd,1,53.85384615,-0.0,53.85384615,303.85384615,-607.314773540025,-607.314773540025,-677.9368600995001,0.0,0.0,-70.62208655947506,-2118.662596784252,-2154.153846,-2154.153846,-12154.153846,0.0,-10000.0,,0.0,-0.0,53.85384615,52.86153846,32.36153846,32.36153846,32.36923077,0.0,-0.07062208655947506,0,0
2020-08-30,False,False,0.35,340,1000,250,2cd,1,57.3,-0.0,57.3,300.42307691999997,-637.2931131107928,-637.2931131107928,-687.231617720304,0.0,0.0,-49.938504609511256,-1498.1551382853377,-2292.0,-2292.0,-12016.923076799998,0.0,-9724.923076799998,,0.0,-0.0,46.72307692,57.3,34.55384615,34.55384615,34.71538462,0.0,-0.049938504609511256,0,0
2020-08-31,False,False,0.35,340,1000,250,2cd,1,366.2,-0.0,366.2,510.0,-2497.3545788550105,-2497.3545788550105,-2156.4056435864873,0.0,0.0,340.9489352685232,10228.468058055696,-14648.0,-14648.0,-20400.0,0.0,-5752.0,-0.13783292044278306,0.0,-0.0,89.36153846,336.7230769,256.9384615,166.9571429,55.84615385,0.0,0.3409489352685232,0,1
2020-09-01,False,False,0.35,340,1000,250,2cd,1,427.6461538,-0.0,427.6461538,510.0,-3297.4485251033407,-3297.4485251033407,-2586.1835539109047,0.0,0.0,711.264971192436,21337.94913577308,-17105.846152,-17105.846152,-20400.0,0.0,-3294.1538480000017,0.034737689132622984,0.0,-0.0,183.4615385,350.7615385,298.2538462,201.3428571,62.32307692,0.0,0.7112649711924359,0,1
2020-09-02,False,False,0.35,340,1000,250,2cd,1,406.5384615,-0.0,406.5384615,510.0,-3076.044769697579,-3076.044769697579,-2386.7255225602808,0.0,0.0,689.3192471372981,20679.577414118943,-16261.53846,-16261.53846,-20400.0,0.0,-4138.46154,0.022835890516317736,0.0,-0.0,135.1153846,336.8153846,291.1384615,213.7384615,59.08461538,0.0,0.6893192471372981,0,1
2020-09-03,False,False,0.35,340,1000,250,2cd,1,384.9384615,-0.0,384.9384615,510.0,-3012.0711103954723,-3012.0711103954723,-2332.1772293522417,0.0,0.0,679.8938810432305,20396.816431296917,-15397.53846,-15397.53846,-20400.0,0.0,-5002.46154,0.012832949678504235,0.0,-0.0,132.3923077,341.8384615,273.1384615,199.5230769,57.06923077,0.0,0.6798938810432306,0,1
2020-09-04,False,False,0.35,340,1000,250,2cd,1,394.5615385,-0.0,394.5615385,510.0,-3119.353385540514,-3119.353385540514,-2257.028330262867,0.0,0.0,862.3250552776472,25869.751658329413,-15782.46154,-15782.46154,-20400.0,0.0,-4617.53846,0.05512877252976911,0.0,-0.0,133.0076923,386.3214286,238.8230769,238.18,65.60769231,0.0,0.8623250552776471,0,1
2020-09-05,False,False,0.35,340,1000,250,2cd,1,338.4461538,-0.0,338.4461538,510.0,-2105.51703126154,-2105.51703126154,-1809.2423942357368,0.0,0.0,296.27463702580326,8888.239110774099,-13537.846152,-13537.846152,-20400.0,0.0,-6862.153848,-0.23824100553679994,0.0,-0.0,63.27692308,273.9153846,158.5384615,158.5384615,46.26923077,0.0,0.29627463702580326,0,0
2020-09-06,False,False,0.35,340,1000,250,2cd,1,94.13846154,-0.0,94.13846154,305.63846154,-790.8964932411254,-790.8964932411254,-820.1634094304306,0.0,0.0,-29.26691618930522,-878.0074856791566,-3765.5384615999997,-3765.5384615999997,-12225.5384616,0.0,-8460.0,,0.0,-0.0,57.64615385,94.13846154,49.26153846,37.46923077,34.43076923,0.0,-0.02926691618930522,0,0
2020-09-07,False,False,0.35,340,1000,250,2cd,1,376.8692308,-0.0,376.8692308,510.0,-2865.4815320494226,-2865.4815320494226,-2236.941909158731,0.0,0.0,628.5396228906916,18856.188686720747,-15074.769232,-15074.769232,-20400.0,0.0,-5325.230767999999,-0.003679930753976546,0.0,-0.0,127.7785714,314.1615385,295.8307692,184.7307692,62.97692308,0.0,0.6285396228906915,0,1
2020-09-08,False,False,0.35,340,1000,250,2cd,1,403.9384615,-0.0,403.9384615,510.0,-3271.3354302417497,-3271.3354302417497,-2533.273740957933,0.0,0.0,738.0616892838166,22141.850678514496,-16157.53846,-16157.53846,-20400.0,0.0,-4242.46154,0.032629386979674546,0.0,-0.0,186.7923077,326.0,295.4230769,175.9230769,70.75384615,0.0,0.7380616892838165,0,1
2020-09-09,False,False,0.35,340,1000,250,2cd,1,361.5692308,-0.0,361.5692308,510.0,-3118.644099780652,-3118.644099780652,-2339.9153809843665,0.0,0.0,778.7287187962856,23361.861563888568,-14462.769232,-14462.769232,-20400.0,0.0,-5937.230767999999,0.027235644188275954,0.0,-0.0,208.0615385,349.2076923,271.8923077,157.8923077,76.03846154,0.0,0.7787287187962857,0,1
2020-09-10,False,False,0.35,340,1000,250,2cd,1,390.3142857,-0.0,390.3142857,510.0,-3171.671733897279,-3171.671733897279,-2460.906687124881,0.0,0.0,710.7650467723979,21322.951403171937,-15612.571428000001,-15612.571428000001,-20400.0,0.0,-4787.428571999999,0.02200560129824969,0.0,-0.0,135.1923077,355.2461538,299.8384615,184.0692308,62.22857143,0.0,0.7107650467723979,0,1
2020-09-11,False,False,0.35,340,1000,250,2cd,1,441.9076923,-0.0,441.9076923,510.0,-3150.3786678334445,-3150.3786678334445,-2487.7367984959837,0.0,0.0,662.6418693374608,19879.25608012382,-17676.307692000002,-17676.307692000002,-20400.0,0.0,-2723.692307999998,0.029050996954959052,0.0,-0.0,172.6692308,317.7461538,318.3538462,199.6384615,49.77692308,0.0,0.6626418693374607,0,1
2020-09-12,False,False,0.35,340,1000,250,2cd,1,190.5,-0.0,190.5,422.4230769,-1503.531044022854,-1503.531044022854,-1341.8859866889195,0.0,0.0,161.64505733393457,4849.351720018038,-7620.0,-7620.0,-16896.923076,0.0,-9276.923076,,0.0,-0.0,64.66153846,172.4230769,155.4384615,145.9384615,43.26153846,0.0,0.16164505733393458,0,0
2020-09-13,False,False,0.35,340,1000,250,2cd,1,111.7230769,-0.0,111.7230769,355.4153846,-1077.2816067054823,-1077.2816067054823,-1034.623347246535,0.0,0.0,42.658259458947214,1279.7477837684164,-4468.923076,-4468.923076,-14216.615383999999,0.0,-9747.692307999998,,0.0,-0.0,60.72666667,109.1692308,78.9,78.9,18.42307692,0.0,0.04265825945894721,0,0
2020-09-14,False,False,0.35,340,1000,250,2cd,1,370.4307692,-0.0,370.4307692,510.0,-2831.9388327591923,-2831.9388327591923,-2147.1167432453153,0.0,0.0,684.822089513877,20544.66268541631,-14817.230768,-14817.230768,-20400.0,0.0,-5582.769232000001,0.00851894918750773,0.0,-0.0,123.9230769,370.4307692,263.5384615,175.4307692,42.33846154,0.0,0.684822089513877,0,1
2020-09-15,False,False,0.35,340,1000,250,2cd,1,337.9307692,-0.0,337.9307692,510.0,-2758.5650248474954,-2758.5650248474954,-2080.8903004965673,0.0,0.0,677.674724350928,20330.241730527843,-13517.230768,-13517.230768,-20400.0,0.0,-6882.769232000001,-0.006823825431208297,0.0,-0.0,52.54615385,306.3,248.2538462,180.3538462,46.36923077,0.0,0.677674724350928,0,1
2020-09-16,False,False,0.35,340,1000,250,2cd,1,418.3153846,-0.0,418.3153846,510.0,-3083.477748185841,-3083.477748185841,-2424.5243190426772,0.0,0.0,658.9534291431637,19768.602874294913,-16732.615384,-16732.615384,-20400.0,0.0,-3667.3846159999994,0.020068388314715024,0.0,-0.0,153.9692308,345.9461538,338.3230769,232.3615385,46.18571429,0.0,0.6589534291431637,0,1
2020-09-17,False,False,0.35,340,1000,250,2cd,1,404.9461538,-0.0,404.9461538,510.0,-2934.4375937910618,-2934.4375937910618,-2301.4288881321145,0.0,0.0,633.0087056589473,18990.26116976842,-16197.846152,-16197.846152,-20400.0,0.0,-4202.153848,0.00892514765170449,0.0,-0.0,120.7615385,310.1076923,281.7,147.8769231,42.25384615,0.0,0.6330087056589473,0,1
2020-09-18,False,False,0.35,340,1000,250,2cd,1,399.4923077,-0.0,399.4923077,510.0,-3008.376267742303,-3008.376267742303,-2366.881885048077,0.0,0.0,641.4943826942258,19244.831480826775,-15979.692308000002,-15979.692308000002,-20400.0,0.0,-4420.3076919999985,0.008935359876224958,0.0,-0.0,119.1,374.3307692,330.7615385,214.1692308,47.66153846,0.0,0.6414943826942258,0,1
2020-09-19,False,False,0.35,340,1000,250,2cd,1,325.6307692,-0.0,325.6307692,510.0,-2473.5202576844795,-2473.5202576844795,-1927.5604271616073,0.0,0.0,545.9598305228722,16378.794915686165,-13025.230768,-13025.230768,-20400.0,0.0,-7374.769232000001,-0.06081828995476912,0.0,-0.0,121.6,285.6692308,241.0846154,154.4461538,34.78461538,0.0,0.5459598305228721,0,0
2020-09-20,False,False,0.35,340,1000,250,2cd,1,57.03076923,-0.0,57.03076923,300.44615385,-659.4911373683735,-659.4911373683735,-696.8643274628413,0.0,0.0,-37.37319009446776,-1121.1957028340328,-2281.2307692,-2281.2307692,-12017.846153999999,0.0,-9736.6153848,,0.0,-0.0,48.22307692,57.03076923,40.86923077,40.44615385,31.74615385,0.0,-0.03737319009446776,0,0
2020-09-21,False,False,0.35,340,1000,250,2cd,1,416.1153846,-0.0,416.1153846,510.0,-2964.925032786845,-2964.925032786845,-2267.4698687211367,0.0,0.0,697.4551640657082,20923.654921971247,-16644.615384,-16644.615384,-20400.0,0.0,-3755.3846159999994,0.027937902900500244,0.0,-0.0,122.0357143,358.0153846,285.6923077,242.3538462,39.32307692,0.0,0.6974551640657082,0,1
2020-09-22,False,False,0.35,340,1000,250,2cd,1,48.46153846,-0.0,48.46153846,298.26428571,-560.0357267813788,-560.0357267813788,-639.2765896891697,0.0,0.0,-79.24086290779087,-2377.225887233726,-1938.4615383999999,-1938.4615383999999,-11930.5714284,0.0,-9992.10989,,0.0,-0.0,48.26428571,48.46153846,29.93076923,29.93076923,29.97692308,0.0,-0.07924086290779087,0,1
2020-09-23,False,False,0.35,340,1000,250,2cd,1,367.9,-0.0,367.9,510.0,-2952.5935067041673,-2952.5935067041673,-2207.516851290339,0.0,0.0,745.0766554138281,22352.299662414844,-14716.0,-14716.0,-20400.0,0.0,-5684.0,0.021915553676094435,0.0,-0.0,117.0230769,362.9538462,257.6571429,192.9,48.4,0.0,0.7450766554138282,0,1
2020-09-24,False,False,0.35,340,1000,250,2cd,1,359.0,-0.0,359.0,510.0,-2906.0573191944686,-2906.0573191944686,-2169.5870939237884,0.0,0.0,736.4702252706802,22094.106758120404,-14360.0,-14360.0,-20400.0,0.0,-6040.0,0.016750424498524152,0.0,-0.0,122.1,316.9846154,231.3615385,200.6076923,39.33846154,0.0,0.7364702252706802,0,1
2020-09-25,False,False,0.35,340,1000,250,2cd,1,383.1846154,-0.0,383.1846154,510.0,-2859.353690409795,-2859.353690409795,-2172.1402543784307,0.0,0.0,687.2134360313644,20616.40308094093,-15327.384616,-15327.384616,-20400.0,0.0,-5072.615384000001,0.013938151282859579,0.0,-0.0,119.7692308,345.0923077,230.4142857,208.1538462,41.1,0.0,0.6872134360313644,0,1
2020-09-26,False,False,0.35,340,1000,250,2cd,1,181.6230769,-0.0,181.6230769,418.0461538,-1482.5121357317637,-1482.5121357317637,-1312.3988960527759,0.0,0.0,170.11323967898784,5103.397190369635,-7264.923076,-7264.923076,-16721.846152000002,0.0,-9456.923076000003,,0.0,-0.0,131.6461538,181.6230769,130.5615385,130.5615385,34.50769231,0.0,0.17011323967898784,0,0
2020-09-27,False,False,0.35,340,1000,250,2cd,1,370.7538462,-0.0,370.7538462,510.0,-2925.8567557734414,-2925.8567557734414,-2192.2415728762953,0.0,0.0,733.615182897146,22008.455486914383,-14830.153848,-14830.153848,-20400.0,0.0,-5569.846152,0.02030239982932658,0.0,-0.0,121.9285714,315.2,257.6,196.2153846,47.58461538,0.0,0.733615182897146,0,0
2020-09-28,False,False,0.35,340,1000,250,2cd,1,398.1076923,-0.0,398.1076923,510.0,-3009.3375625863746,-3009.3375625863746,-2206.019074740979,0.0,0.0,803.3184878453958,24099.554635361874,-15924.307692,-15924.307692,-20400.0,0.0,-4475.692308,0.044335246472765544,0.0,-0.0,147.8153846,383.6142857,216.1230769,216.1230769,55.66153846,0.0,0.8033184878453958,0,1
2020-09-29,False,False,0.35,340,1000,250,2cd,1,372.6153846,-0.0,372.6153846,510.0,-2686.342144245636,-2686.342144245636,-2149.4336172862263,0.0,0.0,536.9085269594098,16107.255808782293,-14904.615384,-14904.615384,-20400.0,0.0,-5495.384615999999,-0.035453297043738896,0.0,-0.0,126.7692308,293.0769231,268.5846154,178.2692308,47.33846154,0.0,0.5369085269594097,0,1
2020-09-30,False,False,0.35,340,1000,250,2cd,1,316.05,-0.0,316.05,510.0,-2077.983758580025,-2077.983758580025,-1814.6245079967903,0.0,0.0,263.3592505832348,7900.777517497045,-12642.0,-12642.0,-20400.0,0.0,-7758.0,,0.0,-0.0,136.4538462,282.3384615,222.6923077,157.8857143,5.5,0.0,0.26335925058323484,0,1
2020-10-01,False,False,0.35,340,1000,250,2cd,1,32.62307692,-0.0,32.62307692,278.8,-211.32385596311417,-211.32385596311417,-419.19683892899866,0.0,0.0,-207.8729829658845,-6236.189488976534,-1304.9230768000002,-1304.9230768000002,-11152.0,0.0,-9847.0769232,,0.0,-0.0,30.73846154,32.62307692,5.215384615,5.215384615,5.1,0.0,-0.2078729829658845,0,1
2020-10-02,False,False,0.35,340,1000,250,2cd,1,28.98461538,-0.0,28.98461538,278.38461538,-192.29106090219366,-192.29106090219366,-407.2317682333465,0.0,0.0,-214.94070733115282,-6448.221219934585,-1159.3846152,-1159.3846152,-11135.3846152,0.0,-9976.0,,0.0,-0.0,28.8,28.26923077,4.315384615,4.315384615,4.6,0.0,-0.21494070733115284,0,1
2020-10-03,False,False,0.35,340,1000,250,2cd,1,30.23076923,-0.0,30.23076923,280.23076923,-193.140983064897,-193.140983064897,-405.81588415569377,0.0,0.0,-212.67490109079677,-6380.2470327239025,-1209.2307692,-1209.2307692,-11209.230769200001,0.0,-10000.000000000002,,0.0,-0.0,30.23076923,28.76923077,4.015384615,4.015384615,5.1,0.0,-0.21267490109079676,0,0
2020-10-04,False,False,0.35,340,1000,250,2cd,1,28.89230769,-0.0,28.89230769,278.48571429,-190.27387488540492,-190.27387488540492,-403.4373828795418,0.0,0.0,-213.1635079941369,-6394.9052398241065,-1155.6923076,-1155.6923076,-11139.4285716,0.0,-9983.736264,,0.0,-0.0,28.48571429,28.89230769,4.5,4.5,4.346153846,0.0,-0.21316350799413689,0,0
2020-10-05,False,False,0.35,340,1000,250,2cd,1,28.7,-0.0,28.7,277.8,-185.42721977785965,-185.42721977785965,-398.94606729697455,0.0,0.0,-213.5188475191149,-6405.565425573447,-1148.0,-1148.0,-11112.0,0.0,-9964.0,,0.0,-0.0,27.97692308,28.7,4.530769231,4.530769231,4.8,0.0,-0.2135188475191149,0,1
2020-10-06,False,False,0.35,340,1000,250,2cd,1,84.13846154,-0.0,84.13846154,277.10769231,-388.76623995094843,-388.76623995094843,-453.4963079674091,0.0,0.0,-64.73006801646068,-1941.9020404938203,-3365.5384615999997,-3365.5384615999997,-11084.3076924,0.0,-7718.7692308000005,,0.0,-0.0,27.6,26.26153846,3.992307692,3.992307692,4.923076923,0.0,-0.06473006801646068,0,1
2020-10-07,False,False,0.35,340,1000,250,2cd,1,255.5769231,-0.0,255.5769231,505.5769231,-1882.6284132459523,-1882.6284132459523,-1530.6957612181059,0.0,0.0,351.9326520278464,10557.979560835392,-10223.076923999999,-10223.076923999999,-20223.076924,0.0,-10000.000000000002,,0.0,-0.0,115.0076923,255.5769231,147.9461538,120.6,31.9,0.0,0.3519326520278464,0,1
2020-10-08,False,False,0.35,340,1000,250,2cd,1,351.2307692,-0.0,351.2307692,510.0,-2697.6669216432483,-2697.6669216432483,-2097.791177447938,0.0,0.0,599.8757441953103,17996.27232585931,-14049.230768,-14049.230768,-20400.0,0.0,-6350.769232000001,-0.024718061953970416,0.0,-0.0,125.0538462,302.0153846,255.3615385,172.2384615,43.82307692,0.0,0.5998757441953103,0,1
2020-10-09,False,False,0.35,340,1000,250,2cd,1,405.4076923,-0.0,405.4076923,510.0,-2871.0854927842283,-2871.0854927842283,-2270.4325288527307,0.0,0.0,600.6529639314977,18019.58891794493,-16216.307692,-16216.307692,-20400.0,0.0,-4183.692308,0.0007657315894127326,0.0,-0.0,114.7769231,330.5153846,273.5692308,204.3230769,42.9,0.0,0.6006529639314977,0,1
2020-11-27,False,False,0.35,340,1000,250,2cd,1,416.9923077,-0.0,416.9923077,510.0,-3402.9121884526076,-3402.9121884526076,-2507.944385893646,0.0,0.0,894.9678025589615,26849.034076768843,-16679.692308,-16679.692308,-20400.0,0.0,-3720.3076919999985,0.0683256933116585,0.0,-0.0,68.55384615,404.1692308,302.7923077,192.8153846,56.47142857,0.0,0.8949678025589615,0,1
2020-11-28,False,False,0.35,340,1000,250,2cd,1,328.8923077,-0.0,328.8923077,510.0,-2455.0128272732018,-2455.0128272732018,-1955.7709546386593,0.0,0.0,499.24187263454246,14977.256179036274,-13155.692308,-13155.692308,-20400.0,0.0,-7244.307692,-0.07957331489893338,0.0,-0.0,66.76153846,328.8923077,194.7692308,187.7230769,41.10769231,0.0,0.49924187263454245,0,0
2020-11-29,False,False,0.35,340,1000,250,2cd,1,69.24285714,-0.0,69.24285714,305.66153846,-779.056798587829,-779.056798587829,-756.3108942139171,0.0,0.0,22.745904373911912,682.3771312173574,-2769.7142856,-2769.7142856,-12226.461538399999,0.0,-9456.7472528,,0.0,-0.0,52.08461538,63.83846154,41.74615385,41.74615385,45.59230769,0.0,0.022745904373911913,0,0
2020-11-30,False,False,0.35,340,1000,250,2cd,1,434.5384615,-0.0,434.5384615,510.0,-2998.6172529207415,-2998.6172529207415,-2492.205181893156,0.0,0.0,506.4120710275856,15192.362130827569,-17381.53846,-17381.53846,-20400.0,0.0,-3018.4615400000002,-0.01324604321317735,0.0,-0.0,176.6923077,432.0076923,267.7538462,225.7846154,55.77857143,0.0,0.5064120710275857,0,1
2020-12-01,False,False,0.35,340,1000,250,2cd,1,435.1153846,-0.0,435.1153846,510.0,-3299.966079544211,-3299.966079544211,-2544.211123511531,0.0,0.0,755.7549560326802,22672.648680980405,-17404.615384,-17404.615384,-20400.0,0.0,-2995.3846159999994,0.04632189738765957,0.0,-0.0,131.1428571,367.5846154,324.4461538,251.3769231,64.52142857,0.0,0.7557549560326802,0,1
2020-12-02,False,False,0.35,340,1000,250,2cd,1,370.6538462,-0.0,370.6538462,510.0,-3147.0112156055206,-3147.0112156055206,-2383.8146489388164,0.0,0.0,763.1965666667043,22895.89700000113,-14826.153847999998,-14826.153847999998,-20400.0,0.0,-5573.846152000002,0.026911917186742684,0.0,-0.0,132.3769231,350.6307692,281.9461538,217.4461538,57.45384615,0.0,0.7631965666667042,0,1
2020-12-03,False,False,0.35,340,1000,250,2cd,1,472.0384615,-0.0,472.0384615,510.0,-3320.712453767377,-3320.712453767377,-2460.9427325091438,0.0,0.0,859.7697212582334,25793.091637747002,-18881.53846,-18881.53846,-20400.0,0.0,-1518.4615400000002,0.07788012022770574,0.0,-0.0,139.2615385,472.0384615,206.4692308,188.1846154,59.54615385,0.0,0.8597697212582334,0,1
2020-12-04,False,False,0.35,340,1000,250,2cd,1,456.4923077,-0.0,456.4923077,510.0,-3374.0423287878657,-3374.0423287878657,-2533.3139220258813,0.0,0.0,840.7284067619844,25221.852202859533,-18259.692308,-18259.692308,-20400.0,0.0,-2140.3076919999985,0.06965925013682117,0.0,-0.0,63.43846154,416.3307692,299.6,263.3076923,59.0,0.0,0.8407284067619843,0,1
2020-12-05,False,False,0.35,340,1000,250,2cd,1,420.6153846,-0.0,420.6153846,510.0,-3187.626760710481,-3187.626760710481,-2340.492987340068,0.0,0.0,847.1337733704131,25414.013201112393,-16824.615384,-16824.615384,-20400.0,0.0,-3575.3846159999994,0.06010286772964668,0.0,-0.0,139.5923077,420.6153846,259.5,192.6461538,50.54615385,0.0,0.8471337733704131,0,0
2020-12-06,False,False,0.35,340,1000,250,2cd,1,260.9367442,-0.0,260.9367442,510.0,-2099.5199418332686,-2099.5199418332686,-1709.5835578221868,0.0,0.0,389.9363840110818,11698.091520332455,-10437.469768,-10437.469768,-20400.0,0.0,-9962.530232,-0.3469420705322801,0.0,-0.0,115.0846154,260.9367442,171.1615385,171.1615385,52.14615385,0.0,0.3899363840110818,0,0
2020-12-07,False,False,0.35,340,1000,250,2cd,1,423.1153846,-0.0,423.1153846,510.0,-3489.3732340930856,-3489.3732340930856,-2589.7239200667236,0.0,0.0,899.6493140263619,26989.479420790856,-16924.615384,-16924.615384,-20400.0,0.0,-3475.3846159999994,0.07105003098149876,0.0,-0.0,160.5769231,423.1153846,321.4,203.5307692,67.52307692,0.0,0.899649314026362,0,1
2020-12-08,False,False,0.35,340,1000,250,2cd,1,461.1076923,-0.0,461.1076923,510.0,-3513.87997057336,-3513.87997057336,-2674.5579867090373,0.0,0.0,839.3219838643226,25179.659515929678,-18444.307692,-18444.307692,-20400.0,0.0,-1955.6923080000015,0.07076215002716535,0.0,-0.0,116.0769231,411.5230769,334.5428571,298.6230769,71.41538462,0.0,0.8393219838643227,0,1
2020-12-09,False,False,0.35,340,1000,250,2cd,1,440.2846154,-0.0,440.2846154,510.0,-3515.631333009237,-3515.631333009237,-2587.995406984524,0.0,0.0,927.6359260247132,27829.077780741394,-17611.384616,-17611.384616,-20400.0,0.0,-2788.6153840000006,0.08140240147328837,0.0,-0.0,154.0538462,391.0857143,268.7230769,247.4153846,71.88461538,0.0,0.9276359260247131,0,1
2020-12-10,False,False,0.35,340,1000,250,2cd,1,456.2307692,-0.0,456.2307692,510.0,-3505.7968427327296,-3505.7968427327296,-2670.833133927825,0.0,0.0,834.9637088049044,25048.911264147133,-18249.230768,-18249.230768,-20400.0,0.0,-2150.7692319999987,0.06847080723460786,0.0,-0.0,150.7538462,354.5076923,353.2692308,235.9,71.56153846,0.0,0.8349637088049044,0,1
2020-12-11,False,False,0.35,340,1000,250,2cd,1,423.1384615,-0.0,423.1384615,510.0,-3376.2128031794173,-3376.2128031794173,-2510.641948292599,0.0,0.0,865.5708548868183,25967.12564660455,-16925.53846,-16925.53846,-20400.0,0.0,-3474.4615400000002,0.06447339433801647,0.0,-0.0,148.0785714,398.2153846,276.7214286,276.7214286,58.94285714,0.0,0.8655708548868183,0,1
2020-12-12,False,False,0.35,340,1000,250,2cd,1,384.0923077,-0.0,384.0923077,510.0,-3398.464036399788,-3398.464036399788,-2542.9457417116496,0.0,0.0,855.5182946881382,25665.548840644147,-15363.692308,-15363.692308,-20400.0,0.0,-5036.307692,0.05052280413691057,0.0,-0.0,136.6538462,384.0923077,257.4,255.8692308,56.90769231,0.0,0.8555182946881382,0,0
2020-12-13,False,False,0.35,340,1000,250,2cd,1,166.9384615,-0.0,166.9384615,409.7,-1543.7650513135384,-1543.7650513135384,-1307.4600950665376,0.0,0.0,236.30495624700075,7089.148687410023,-6677.53846,-6677.53846,-16388.0,0.0,-9710.46154,,0.0,-0.0,108.1384615,159.7,125.0153846,112.0230769,39.57692308,0.0,0.23630495624700074,0,0
2020-12-14,False,False,0.35,340,1000,250,2cd,1,445.1153846,-0.0,445.1153846,510.0,-3600.899091624467,-3600.899091624467,-2699.162268469846,0.0,0.0,901.7368231546211,27052.104694638634,-17804.615384,-17804.615384,-20400.0,0.0,-2595.3846159999994,0.07793300412546489,0.0,-0.0,132.5384615,370.9153846,374.8307692,220.6846154,57.56923077,0.0,0.9017368231546211,0,1
2020-12-15,False,False,0.35,340,1000,250,2cd,1,477.1285714,-0.0,477.1285714,510.0,-3501.356422623917,-3501.356422623917,-2653.142440244359,0.0,0.0,848.2139823795578,25446.419471386733,-19085.142856,-19085.142856,-20400.0,0.0,-1314.8571440000014,0.07718501735942507,0.0,-0.0,74.49230769,432.4615385,350.3307692,269.5923077,49.98461538,0.0,0.8482139823795578,0,1
2020-12-16,False,False,0.35,340,1000,250,2cd,1,487.2692308,-0.0,487.2692308,510.0,-3599.0923739625814,-3599.0923739625814,-2696.5249316246645,0.0,0.0,902.5674423379169,27077.023270137506,-19490.769232,-19490.769232,-20400.0,0.0,-909.2307680000013,0.09027490022953799,0.0,-0.0,196.0615385,487.2692308,354.0615385,277.7307692,59.51538462,0.0,0.9025674423379169,0,1
2020-12-17,False,False,0.35,340,1000,250,2cd,1,472.6076923,-0.0,472.6076923,510.0,-3699.1035284611035,-3699.1035284611035,-2799.9568707522267,0.0,0.0,899.1466577088768,26974.399731266305,-18904.307692,-18904.307692,-20400.0,0.0,-1495.6923080000015,0.08543296509999965,0.0,-0.0,156.9461538,459.4153846,369.0615385,273.2142857,62.64615385,0.0,0.8991466577088768,0,1
2020-12-18,False,False,0.35,340,1000,250,2cd,1,457.2615385,-0.0,457.2615385,510.0,-3420.4320665822866,-3420.4320665822866,-2610.5933068545937,0.0,0.0,809.8387597276928,24295.162791830786,-18290.46154,-18290.46154,-20400.0,0.0,-2109.5384599999998,0.06390933948834232,0.0,-0.0,142.1769231,379.0,320.8,262.4846154,47.93076923,0.0,0.8098387597276928,0,1
2020-12-19,False,False,0.35,340,1000,250,2cd,1,334.7076923,-0.0,334.7076923,510.0,-2859.2380749835875,-2859.2380749835875,-2197.822353546055,0.0,0.0,661.4157214375323,19842.47164312597,-13388.307692,-13388.307692,-20400.0,0.0,-7011.692308,-0.013115790047736664,0.0,-0.0,119.6923077,317.4076923,259.9461538,249.8153846,47.96153846,0.0,0.6614157214375322,0,0
2020-12-20,False,False,0.35,340,1000,250,2cd,1,89.83076923,-0.0,89.83076923,323.82307692,-948.1343281289185,-948.1343281289185,-872.5214873082109,0.0,0.0,75.61284082070756,2268.385224621227,-3593.2307692,-3593.2307692,-12952.9230768,0.0,-9359.6923076,,0.0,-0.0,60.52307692,82.1,52.07857143,52.07857143,47.96923077,0.0,0.07561284082070756,0,0
2020-12-21,False,False,0.35,340,1000,250,2cd,1,474.7230769,-0.0,474.7230769,510.0,-3741.5097230415545,-3741.5097230415545,-2836.399734898051,0.0,0.0,905.1099881435034,27153.2996443051,-18988.923076,-18988.923076,-20400.0,0.0,-1411.0769240000009,0.08715052204242846,0.0,-0.0,144.7384615,441.9384615,377.8230769,264.9615385,59.76923077,0.0,0.9051099881435034,0,1
2020-12-22,False,False,0.35,340,1000,250,2cd,1,448.5615385,-0.0,448.5615385,510.0,-3380.570305463793,-3380.570305463793,-2663.0373306078227,0.0,0.0,717.5329748559702,21525.989245679106,-17942.46154,-17942.46154,-20400.0,0.0,-2457.5384599999998,0.04276453846839989,0.0,-0.0,142.2461538,397.1692308,346.35,279.3,48.02857143,0.0,0.7175329748559702,0,1
2020-12-23,False,False,0.35,340,1000,250,2cd,1,482.5615385,-0.0,482.5615385,510.0,-3505.6620130516403,-3505.6620130516403,-2666.946080242307,0.0,0.0,838.7159328093335,25161.477984280005,-19302.46154,-19302.46154,-20400.0,0.0,-1097.5384599999998,0.07697943011394992,0.0,-0.0,173.6769231,477.2692308,352.6384615,266.6692308,62.10769231,0.0,0.8387159328093334,0,1
2020-12-24,False,False,0.35,340,1000,250,2cd,1,464.9769231,-0.0,464.9769231,510.0,-3631.948460050006,-3631.948460050006,-2736.0602443157013,0.0,0.0,895.8882157343046,26876.646472029137,-18599.076924,-18599.076924,-20400.0,0.0,-1800.9230759999991,0.08261825955533642,0.0,-0.0,160.7230769,432.8,355.5153846,264.0461538,68.13846154,0.0,0.8958882157343045,0,1
2020-12-25,False,False,0.35,340,1000,250,2cd,1,450.8,-0.0,450.8,510.0,-3594.6461632255086,-3594.6461632255086,-2707.6499191520707,0.0,0.0,886.996244073438,26609.88732220314,-18032.0,-18032.0,-20400.0,0.0,-2368.0,0.07680916140119565,0.0,-0.0,154.1214286,412.8230769,345.0,294.7615385,68.47692308,0.0,0.886996244073438,0,1
2020-12-26,False,False,0.35,340,1000,250,2cd,1,428.9076923,-0.0,428.9076923,510.0,-3293.89749328289,-3293.89749328289,-2671.3420766743434,0.0,0.0,622.5554166085467,18676.662498256403,-17156.307692000002,-17156.307692000002,-20400.0,0.0,-3243.692307999998,0.01540407876885097,0.0,-0.0,81.55384615,391.0923077,327.8307692,300.5846154,69.5,0.0,0.6225554166085467,0,0
2020-12-27,False,False,0.35,340,1000,250,2cd,1,113.4076923,-0.0,113.4076923,321.93076923,-880.0675285996284,-880.0675285996284,-793.4332997483775,0.0,0.0,86.6342288512509,2599.0268655375266,-4536.307691999999,-4536.307691999999,-12877.2307692,0.0,-8340.923077200001,,0.0,-0.0,70.59230769,61.40769231,40.33076923,40.33076923,36.02307692,0.0,0.0866342288512509,0,0
2020-12-28,False,False,0.35,340,1000,250,2cd,1,399.0692308,-0.0,399.0692308,510.0,-3361.973806629937,-3361.973806629937,-2499.2376483624544,0.0,0.0,862.7361582674826,25882.084748024477,-15962.769232,-15962.769232,-20400.0,0.0,-4437.230767999999,0.056596687074888186,0.0,-0.0,134.9615385,388.0538462,271.3846154,265.5461538,68.00769231,0.0,0.8627361582674825,0,1
2020-12-29,False,False,0.35,340,1000,250,2cd,1,414.0571429,-0.0,414.0571429,510.0,-3626.983436378464,-3626.983436378464,-2767.5714674942474,0.0,0.0,859.4119688842165,25782.359066526496,-16562.285716,-16562.285716,-20400.0,0.0,-3837.7142840000015,0.060520152436785546,0.0,-0.0,136.5692308,414.0571429,269.8230769,269.8230769,73.4,0.0,0.8594119688842166,0,1
2020-12-30,False,False,0.35,340,1000,250,2cd,1,507.5923077,-0.0,507.5923077,510.0,-3853.29427658595,-3853.29427658595,-2950.15459070248,0.0,0.0,903.1396858834696,27094.190576504086,-20303.692307999998,-20303.692307999998,-20400.0,0.0,-96.30769200000213,0.0961547928739892,0.0,-0.0,287.2153846,382.7,387.1153846,273.6769231,87.86923077,0.0,0.9031396858834696,0,1
2020-12-31,False,False,0.35,340,1000,250,2cd,1,465.6923077,-0.0,465.6923077,510.0,-3223.8541711290677,-3223.8541711290677,-2695.324061086765,0.0,0.0,528.5301100423026,15855.903301269078,-18627.692308,-18627.692308,-20400.0,0.0,-1772.3076919999985,0.006306040875648122,0.0,-0.0,204.3769231,348.2076923,373.9769231,215.0615385,56.63076923,0.0,0.5285301100423025,0,1
2021-01-01,False,False,0.35,340,1000,250,2cd,1,66.72307692,-0.0,66.72307692,316.72307692,-663.4613713780825,-663.4613713780825,-713.06585342582,0.0,0.0,-49.60448204773752,-1488.1344614321256,-2668.9230767999998,-2668.9230767999998,-12668.9230768,0.0,-10000.0,,0.0,-0.0,66.72307692,51.13846154,35.5,35.11428571,35.19230769,0.0,-0.04960448204773752,0,1
2021-01-02,False,False,0.35,340,1000,250,2cd,1,366.1307692,-0.0,366.1307692,510.0,-2686.9306564877065,-2686.9306564877065,-2118.3703059150275,0.0,0.0,568.560350572679,17056.81051718037,-14645.230768,-14645.230768,-20400.0,0.0,-5754.769232000001,-0.027572952157961073,0.0,-0.0,216.1,366.1307692,262.5,191.8153846,56.18461538,0.0,0.568560350572679,0,0
2021-01-03,False,False,0.35,340,1000,250,2cd,1,476.5538462,-0.0,476.5538462,510.0,-3879.5130252115646,-3879.5130252115646,-2943.6081823550217,0.0,0.0,935.9048428565429,28077.145285696286,-19062.153848,-19062.153848,-20400.0,0.0,-1337.8461519999983,0.09335587841727033,0.0,-0.0,174.3692308,348.0538462,363.5538462,269.4230769,146.3076923,0.0,0.935904842856543,0,0
2021-01-04,False,False,0.35,340,1000,250,2cd,1,471.4615385,-0.0,471.4615385,510.0,-4003.1197496662544,-4003.1197496662544,-3132.0105380142472,0.0,0.0,871.1092116520072,26133.276349560216,-18858.46154,-18858.46154,-20400.0,0.0,-1541.5384599999998,0.0798509454762164,0.0,-0.0,152.4153846,422.0428571,328.5,280.2384615,147.4,0.0,0.8711092116520072,0,1
2021-01-05,False,False,0.35,340,1000,250,2cd,1,449.2076923,-0.0,449.2076923,510.0,-3976.972134567817,-3976.972134567817,-3051.7995550641613,0.0,0.0,925.1725795036559,27755.177385109677,-17968.307692000002,-17968.307692000002,-20400.0,0.0,-2431.692307999998,0.08352885663852683,0.0,-0.0,162.2692308,359.9846154,380.6923077,213.8846154,147.0230769,0.0,0.925172579503656,0,1
2021-01-06,False,False,0.35,340,1000,250,2cd,1,482.5538462,-0.0,482.5538462,510.0,-4084.7404413411277,-4084.7404413411277,-3207.750600381559,0.0,0.0,876.9898409595689,26309.695228787066,-19302.153848,-19302.153848,-20400.0,0.0,-1097.8461519999983,0.08417328937210855,0.0,-0.0,166.1923077,411.7461538,340.3769231,289.5230769,145.6769231,0.0,0.8769898409595689,0,1
2021-01-07,False,False,0.35,340,1000,250,2cd,1,500.5615385,-0.0,500.5615385,510.0,-4230.030202505019,-4230.030202505019,-3350.6732401060744,0.0,0.0,879.3569623989442,26380.708871968327,-20022.46154,-20022.46154,-20400.0,0.0,-377.53845999999976,0.08978963315770083,0.0,-0.0,165.3538462,434.6923077,351.1846154,296.5153846,127.6384615,0.0,0.8793569623989442,0,1
2021-01-08,False,False,0.35,340,1000,250,2cd,1,471.0230769,-0.0,471.0230769,510.0,-4308.95540979865,-4308.95540979865,-3413.5789268802855,0.0,0.0,895.3764829183647,26861.294487550942,-18840.923076,-18840.923076,-20400.0,0.0,-1559.0769240000009,0.08427269211239707,0.0,-0.0,221.3307692,398.9230769,365.4384615,242.8428571,119.1153846,0.0,0.8953764829183647,0,1
2021-01-09,False,False,0.35,340,1000,250,2cd,1,470.5692308,-0.0,470.5692308,510.0,-4217.096711047677,-4217.096711047677,-3314.899582865149,0.0,0.0,902.1971281825276,27065.91384547583,-18822.769232,-18822.769232,-20400.0,0.0,-1577.2307680000013,0.08541325246114506,0.0,-0.0,135.1071429,371.4384615,347.7923077,288.3461538,144.4615385,0.0,0.9021971281825276,0,0
2021-01-10,False,False,0.35,340,1000,250,2cd,1,454.1538462,-0.0,454.1538462,510.0,-4009.752294196889,-4009.752294196889,-3099.760723440365,0.0,0.0,909.9915707565242,27299.747122695728,-18166.153847999998,-18166.153847999998,-20400.0,0.0,-2233.846152000002,0.08212088462838119,0.0,-0.0,213.6714286,375.1923077,369.7384615,284.1230769,136.4307692,0.0,0.9099915707565241,0,0
2021-01-11,False,False,0.35,340,1000,250,2cd,1,443.1461538,-0.0,443.1461538,510.0,-4032.293659577708,-4032.293659577708,-3129.2292753126912,0.0,0.0,903.0643842650165,27091.931527950495,-17725.846152,-17725.846152,-20400.0,0.0,-2674.1538480000017,0.07760747557557712,0.0,-0.0,168.0307692,400.2461538,327.6307692,267.2307692,85.15384615,0.0,0.9030643842650166,0,1
2021-01-12,False,False,0.35,340,1000,250,2cd,1,459.2307692,-0.0,459.2307692,510.0,-4116.135300927939,-4116.135300927939,-3223.2834913719757,0.0,0.0,892.8518095559634,26785.554286678904,-18369.230768,-18369.230768,-20400.0,0.0,-2030.7692319999987,0.08037873841324461,0.0,-0.0,168.6230769,448.3461538,327.2538462,301.2923077,165.1,0.0,0.8928518095559634,0,1
2021-01-13,False,False,0.35,340,1000,250,2cd,1,416.9769231,-0.0,416.9769231,510.0,-4071.706882619178,-4071.706882619178,-3183.020271595528,0.0,0.0,888.6866110236501,26660.598330709505,-16679.076924,-16679.076924,-20400.0,0.0,-3720.923075999999,0.06710754602909819,0.0,-0.0,204.8,387.1230769,351.2007166,349.4809713,151.8230769,0.0,0.8886866110236501,0,1
2021-01-14,False,False,0.35,340,1000,250,2cd,1,470.2384615,-0.0,470.2384615,510.0,-4143.69794827839,-4143.69794827839,-3239.042820278637,0.0,0.0,904.655127999753,27139.65383999259,-18809.53846,-18809.53846,-20400.0,0.0,-1590.4615400000002,0.08577548583819095,0.0,-0.0,198.3076923,442.2615385,358.8071429,266.1307692,128.6615385,0.0,0.9046551279997529,0,1
2021-01-15,False,False,0.35,340,1000,250,2cd,1,468.3230769,-0.0,468.3230769,510.0,-3883.464259082037,-3883.464259082037,-2946.443559859763,0.0,0.0,937.0206992222743,28110.62097666823,-18732.923076,-18732.923076,-20400.0,0.0,-1667.0769240000009,0.09121826020439783,0.0,-0.0,217.1230769,376.6384615,329.7461538,1.954887218,140.0153846,0.0,0.9370206992222743,0,1
2021-01-16,False,False,0.35,340,1000,250,2cd,1,431.1461538,-0.0,431.1461538,510.0,-4108.361867768157,-4108.361867768157,-3191.4244772121356,0.0,0.0,916.9373905560215,27508.121716680645,-17245.846152,-17245.846152,-20400.0,0.0,-3154.1538480000017,0.07671619850139133,0.0,-0.0,260.0538462,355.65,370.3769231,258.8615385,143.25,0.0,0.9169373905560214,0,0
2021-01-17,False,False,0.35,340,1000,250,2cd,1,440.1076923,-0.0,440.1076923,510.0,-3914.446813227719,-3914.446813227719,-2977.4876729051007,0.0,0.0,936.9591403226182,28108.774209678544,-17604.307692,-17604.307692,-20400.0,0.0,-2795.6923080000015,0.08309807905633337,0.0,-0.0,207.2,361.8,336.8142857,244.5461538,145.5461538,0.0,0.9369591403226182,0,0
2021-01-18,False,False,0.35,340,1000,250,2cd,1,415.9571429,-0.0,415.9571429,510.0,-4006.643616857326,-4006.643616857326,-3082.554107916334,0.0,0.0,924.0895089409919,27722.685268229758,-16638.285716,-16638.285716,-20400.0,0.0,-3761.7142840000015,0.07360466001914734,0.0,-0.0,147.4307692,401.4769231,340.2769231,286.0230769,140.9076923,0.0,0.9240895089409918,0,1
2021-01-19,False,False,0.35,340,1000,250,2cd,1,474.3,-0.0,474.3,510.0,-4207.880191031072,-4207.880191031072,-3307.838653595587,0.0,0.0,900.0415374354852,27001.246123064557,-18972.0,-18972.0,-20400.0,0.0,-1428.0,0.08608714234538861,0.0,-0.0,175.8615385,395.5384615,362.2846154,272.3428571,155.3307692,0.0,0.9000415374354852,0,1
2021-01-20,False,False,0.35,340,1000,250,2cd,1,444.6230769,-0.0,444.6230769,510.0,-3812.6640979283948,-3812.6640979283948,-2953.7893425882316,0.0,0.0,858.8747553401631,25766.242660204894,-17784.923076,-17784.923076,-20400.0,0.0,-2615.076924000001,0.06961465240580433,0.0,-0.0,168.1384615,444.6230769,303.35,297.5538462,91.65,0.0,0.8588747553401631,0,1
2021-01-21,False,False,0.35,340,1000,250,2cd,1,435.9384615,-0.0,435.9384615,510.0,-4306.915837455132,-4306.915837455132,-3455.6523934894303,0.0,0.0,851.2634439657013,25537.90331897104,-17437.53846,-17437.53846,-20400.0,0.0,-2962.4615400000002,0.06554482368841308,0.0,-0.0,166.8,431.9615385,321.8769231,280.2461538,156.9615385,0.0,0.8512634439657013,0,1
2021-01-22,False,False,0.35,340,1000,250,2cd,1,396.5230769,-0.0,396.5230769,510.0,-4172.357646147279,-4172.357646147279,-3248.0988506095405,0.0,0.0,924.2587955377389,27727.76386613217,-15860.923076,-15860.923076,-20400.0,0.0,-4539.076924000001,0.06786175794906302,0.0,-0.0,173.6769231,387.4384615,277.3153846,211.9615385,156.4538462,0.0,0.9242587955377389,0,1
2021-01-23,False,False,0.35,340,1000,250,2cd,1,397.3923077,-0.0,397.3923077,510.0,-3856.3017463333804,-3856.3017463333804,-2931.331707203857,0.0,0.0,924.9700391295232,27749.101173885698,-15895.692308,-15895.692308,-20400.0,0.0,-4504.307692,0.06825890150308966,0.0,-0.0,170.1384615,397.3923077,276.3857143,248.2,150.6142857,0.0,0.9249700391295232,0,0
2021-01-24,False,False,0.35,340,1000,250,2cd,1,428.0461538,-0.0,428.0461538,510.0,-3814.274182726725,-3814.274182726725,-2903.6397685568477,0.0,0.0,910.6344141698773,27319.03242509632,-17121.846152000002,-17121.846152000002,-20400.0,0.0,-3278.153847999998,0.07460754603248554,0.0,-0.0,199.4692308,411.9461538,279.9846154,248.1769231,154.8,0.0,0.9106344141698773,0,0
2021-01-25,False,False,0.35,340,1000,250,2cd,1,468.7230769,-0.0,468.7230769,510.0,-4066.818634207031,-4066.818634207031,-3168.3591063776025,0.0,0.0,898.4595278294287,26953.78583488286,-18748.923076,-18748.923076,-20400.0,0.0,-1651.0769240000009,0.0841834260322949,0.0,-0.0,171.6,412.1076923,329.5307692,312.1384615,151.3,0.0,0.8984595278294287,0,1
2021-01-26,False,False,0.35,340,1000,250,2cd,1,456.3538462,-0.0,456.3538462,510.0,-4204.5432171755165,-4204.5432171755165,-3342.3186882683467,0.0,0.0,862.2245289071698,25866.735867215095,-18254.153848,-18254.153848,-20400.0,0.0,-2145.8461519999983,0.07373525416202376,0.0,-0.0,180.8307692,422.6461538,386.8076923,292.6461538,158.5769231,0.0,0.8622245289071697,0,1
2021-01-27,False,False,0.35,340,1000,250,2cd,1,460.0,-0.0,460.0,510.0,-4237.475725126087,-4237.475725126087,-3346.357651884182,0.0,0.0,891.1180732419052,26733.542197257157,-18400.0,-18400.0,-20400.0,0.0,-2000.0,0.08027665947858087,0.0,-0.0,287.9769231,460.0,312.6538462,280.4538462,216.5538462,0.0,0.8911180732419052,0,1
2021-01-28,False,False,0.35,340,1000,250,2cd,1,494.4692308,-0.0,494.4692308,510.0,-4342.273160535248,-4342.273160535248,-3481.4662049322533,0.0,0.0,860.806955602995,25824.20866808985,-19778.769232,-19778.769232,-20400.0,0.0,-621.2307680000013,0.08459625473147514,0.0,-0.0,184.1615385,494.4692308,354.8769231,307.1461538,167.3923077,0.0,0.860806955602995,0,1
2021-01-29,False,False,0.35,340,1000,250,2cd,1,434.1538462,-0.0,434.1538462,510.0,-2916.6961547760684,-2916.6961547760684,-2550.8022996426034,0.0,0.0,365.89385513346497,10976.815654003949,-17366.153847999998,-17366.153847999998,-20400.0,0.0,-3033.846152000002,-0.06602404378463334,0.0,-0.0,161.4692308,413.2153846,284.4769231,271.8307692,58.56923077,0.0,0.36589385513346495,0,1
2021-01-30,False,False,0.35,340,1000,250,2cd,1,356.1538462,-0.0,356.1538462,510.0,-2610.5521125812193,-2610.5521125812193,-2011.4954136023186,0.0,0.0,599.0566989789006,17971.70096936702,-14246.153847999998,-14246.153847999998,-20400.0,0.0,-6153.846152000002,-0.022414795659473463,0.0,-0.0,114.3692308,344.0076923,149.5384615,149.5384615,82.94615385,0.0,0.5990566989789006,0,0
2021-01-31,False,False,0.35,340,1000,250,2cd,1,452.8857143,-0.0,452.8857143,510.0,-3217.6132435165555,-3217.6132435165555,-2401.094914444964,0.0,0.0,816.5183290715913,24495.54987214774,-18115.428572,-18115.428572,-20400.0,0.0,-2284.5714279999993,0.06389065081857193,0.0,-0.0,93.97692308,452.8857143,295.0769231,216.9307692,80.81538462,0.0,0.8165183290715913,0,0
2021-02-01,False,False,0.35,340,1000,250,2cd,1,484.8615385,-0.0,484.8615385,510.0,-4089.733337960327,-4089.733337960327,-3237.946781684439,0.0,0.0,851.786556275888,25553.596688276637,-19394.46154,-19394.46154,-20400.0,0.0,-1005.5384599999998,0.08011931875158185,0.0,-0.0,154.8,450.1384615,321.0307692,306.75,156.9923077,0.0,0.851786556275888,0,1
2021-02-02,False,False,0.35,340,1000,250,2cd,1,458.7230769,-0.0,458.7230769,510.0,-4366.991024839239,-4366.991024839239,-3523.6401658430605,0.0,0.0,843.3508589961784,25300.525769885353,-18348.923076,-18348.923076,-20400.0,0.0,-2051.076924000001,0.07082673705712872,0.0,-0.0,197.8,437.4461538,355.4461538,295.7923077,158.2153846,0.0,0.8433508589961785,0,1
2021-02-03,False,False,0.35,340,1000,250,2cd,1,456.8,-0.0,456.8,510.0,-4128.5898226106165,-4128.5898226106165,-3211.5483711774286,0.0,0.0,917.0414514331878,27511.243542995635,-18272.0,-18272.0,-20400.0,0.0,-2128.0,0.08420589779019183,0.0,-0.0,171.1846154,367.7153846,342.0,238.1538462,151.8923077,0.0,0.9170414514331878,0,1
2021-02-04,False,False,0.35,340,1000,250,2cd,1,453.2923077,-0.0,453.2923077,510.0,-4279.531574965578,-4279.531574965578,-3442.1610021613155,0.0,0.0,837.3705728042628,25121.117184127885,-18131.692307999998,-18131.692307999998,-20400.0,0.0,-2268.307692000002,0.06805727438020792,0.0,-0.0,174.4615385,445.3538462,315.7846154,278.7230769,155.0142857,0.0,0.8373705728042627,0,1
2021-02-05,False,False,0.35,340,1000,250,2cd,1,461.5153846,-0.0,461.5153846,510.0,-4015.7647501951,-4015.7647501951,-3121.3793185689183,0.0,0.0,894.3854316261818,26831.562948785453,-18460.615384,-18460.615384,-20400.0,0.0,-1939.3846159999994,0.08133162521797965,0.0,-0.0,166.3846154,443.8692308,335.5230769,282.9230769,88.90769231,0.0,0.8943854316261818,0,1
2021-02-06,False,False,0.35,340,1000,250,2cd,1,414.5076923,-0.0,414.5076923,510.0,-3525.4838109178104,-3525.4838109178104,-2645.9378142995347,0.0,0.0,879.5459966182757,26386.37989854827,-16580.307692,-16580.307692,-20400.0,0.0,-3819.6923080000015,0.06459236329106721,0.0,-0.0,171.1461538,408.8923077,333.8538462,296.2538462,68.7,0.0,0.8795459966182757,0,0
2021-02-07,False,False,0.35,340,1000,250,2cd,1,461.9285714,-0.0,461.9285714,510.0,-3557.3089341082123,-3557.3089341082123,-2741.8776692235733,0.0,0.0,815.431264884639,24462.93794653917,-18477.142856,-18477.142856,-20400.0,0.0,-1922.8571440000014,0.06640029608287912,0.0,-0.0,116.4307692,376.6307692,335.7846154,288.5230769,78.39230769,0.0,0.8154312648846389,0,0
2021-02-08,False,False,0.35,340,1000,250,2cd,1,446.1769231,-0.0,446.1769231,510.0,-3801.617249570124,-3801.617249570124,-2917.5977450206437,0.0,0.0,884.0195045494802,26520.585136484406,-17847.076924,-17847.076924,-20400.0,0.0,-2552.923075999999,0.07488508113695902,0.0,-0.0,125.4692308,417.1714286,285.2285714,253.1692308,88.53846154,0.0,0.8840195045494802,0,1
2021-02-09,False,False,0.35,340,1000,250,2cd,1,426.0076923,-0.0,426.0076923,510.0,-3538.0608219811243,-3538.0608219811243,-2616.0258326469325,0.0,0.0,922.0349893341918,27661.049680025753,-17040.307692,-17040.307692,-20400.0,0.0,-3359.6923080000015,0.07617416274393096,0.0,-0.0,170.3692308,375.4714286,287.3615385,244.5384615,81.49230769,0.0,0.9220349893341918,0,1
2021-02-10,False,False,0.35,340,1000,250,2cd,1,425.9714286,-0.0,425.9714286,510.0,-2544.9589038266895,-2544.9589038266895,-2252.772606536043,0.0,0.0,292.1862972906465,8765.588918719395,-17038.857144,-17038.857144,-20400.0,0.0,-3361.1428559999986,-0.10936611170388932,0.0,-0.0,86.87692308,358.5846154,334.4230769,254.9571429,36.69230769,0.0,0.2921862972906465,0,1
2021-02-11,False,False,0.35,340,1000,250,2cd,1,47.0,-0.0,47.0,294.60769231,-525.0156667375663,-525.0156667375663,-621.5893796027386,0.0,0.0,-96.5737128651723,-2897.211385955169,-1880.0,-1880.0,-11784.3076924,0.0,-9904.3076924,,0.0,-0.0,44.60769231,45.32857143,28.8,28.8,27.61538462,0.0,-0.0965737128651723,0,1
2021-02-12,False,False,0.35,340,1000,250,2cd,1,47.64615385,-0.0,47.64615385,294.46153846,-535.6094723016433,-535.6094723016433,-625.0251981438564,0.0,0.0,-89.41572584221308,-2682.4717752663923,-1905.8461539999998,-1905.8461539999998,-11778.461538399999,0.0,-9872.6153844,,0.0,-0.0,43.2,45.23846154,30.53076923,30.53076923,26.65384615,0.0,-0.08941572584221308,0,1
2021-02-13,False,False,0.35,340,1000,250,2cd,1,47.06923077,-0.0,47.06923077,293.11538462,-504.0081747786952,-504.0081747786952,-603.5604238775232,0.0,0.0,-99.55224909882804,-2986.5674729648413,-1882.7692307999998,-1882.7692307999998,-11724.6153848,0.0,-9841.846153999999,,0.0,-0.0,43.11538462,47.06923077,26.95384615,26.95384615,27.59230769,0.0,-0.09955224909882804,0,0
2021-02-14,False,False,0.35,340,1000,250,2cd,1,318.8384615,-0.0,318.8384615,510.0,-2281.042085096512,-2281.042085096512,-1892.0846313950983,0.0,0.0,388.95745370141367,11668.72361104241,-12753.53846,-12753.53846,-20400.0,0.0,-7646.46154,-0.15803115414931357,0.0,-0.0,109.8846154,263.7384615,243.2307692,125.7076923,67.33846154,0.0,0.38895745370141366,0,0
2021-02-15,False,False,0.35,340,1000,250,2cd,1,398.8384615,-0.0,398.8384615,510.0,-3494.560046934648,-3494.560046934648,-2655.953009975758,0.0,0.0,838.6070369588901,25158.211108766704,-15953.53846,-15953.53846,-20400.0,0.0,-4446.46154,0.05171283450477904,0.0,-0.0,102.7384615,363.4076923,350.7384615,280.0076923,72.7,0.0,0.8386070369588902,0,1
2021-02-27,False,False,0.35,340,1000,250,2cd,1,410.6153846,-0.0,410.6153846,510.0,-3230.6822579604905,-3230.6822579604905,-2426.347408563036,0.0,0.0,804.3348493974545,24130.045481923633,-16424.615384,-16424.615384,-20400.0,0.0,-3975.3846159999994,0.04848155287220757,0.0,-0.0,155.2538462,410.6153846,264.9923077,222.4153846,75.56153846,0.0,0.8043348493974545,0,0
2021-02-28,False,False,0.35,340,1000,250,2cd,1,302.4692308,-0.0,302.4692308,510.0,-2159.937536997815,-2159.937536997815,-1858.2777609203852,0.0,0.0,301.65977607743,9049.7932823229,-12098.769231999999,-12098.769231999999,-20400.0,0.0,-8301.230768000001,,0.0,-0.0,112.3142857,302.4692308,199.7,195.4769231,49.53846154,0.0,0.30165977607743,0,0
2021-03-01,False,False,0.35,340,1000,250,2cd,1,444.0538462,-0.0,444.0538462,510.0,-3655.8366072008816,-3655.8366072008816,-2794.042282627135,0.0,0.0,861.7943245737465,25853.829737212396,-17762.153848,-17762.153848,-20400.0,0.0,-2637.8461519999983,0.0700066180295591,0.0,-0.0,79.41538462,444.0538462,264.05,239.4714286,93.37692308,0.0,0.8617943245737465,0,1
2021-03-02,False,False,0.35,340,1000,250,2cd,1,430.3538462,-0.0,430.3538462,510.0,-3835.507553197834,-3835.507553197834,-2914.7042103717213,0.0,0.0,920.8033428261128,27624.100284783384,-17214.153848,-17214.153848,-20400.0,0.0,-3185.8461519999983,0.0772160603965002,0.0,-0.0,163.7538462,400.3769231,320.0307692,211.4307692,78.53846154,0.0,0.9208033428261129,0,1
2021-03-03,False,False,0.35,340,1000,250,2cd,1,431.4692308,-0.0,431.4692308,510.0,-3978.702378096928,-3978.702378096928,-3106.3186128053535,0.0,0.0,872.3837652915745,26171.512958747233,-17258.769232,-17258.769232,-20400.0,0.0,-3141.2307680000013,0.0682932477780287,0.0,-0.0,151.1692308,431.4692308,337.8692308,233.4,86.80769231,0.0,0.8723837652915745,0,1
2021-03-04,False,False,0.35,340,1000,250,2cd,1,401.5538462,-0.0,401.5538462,510.0,-3505.202343241128,-3505.202343241128,-2631.420102780053,0.0,0.0,873.7822404610747,26213.467213832242,-16062.153848,-16062.153848,-20400.0,0.0,-4337.846152,0.05953898874786212,0.0,-0.0,160.0615385,401.5538462,335.8,233.5384615,88.45384615,0.0,0.8737822404610747,0,1
2021-03-05,False,False,0.35,340,1000,250,2cd,1,414.7230769,-0.0,414.7230769,510.0,-3643.9722489540904,-3643.9722489540904,-2759.7078264629713,0.0,0.0,884.2644224911191,26527.932674733573,-16588.923076,-16588.923076,-20400.0,0.0,-3811.076924000001,0.06557420701151706,0.0,-0.0,163.3615385,414.7230769,278.9,253.4076923,81.02307692,0.0,0.8842644224911191,0,1
2021-03-06,False,False,0.35,340,1000,250,2cd,1,402.7153846,-0.0,402.7153846,510.0,-3188.5177402634836,-3188.5177402634836,-2467.7135551730994,0.0,0.0,720.8041850903842,21624.125552711525,-16108.615384,-16108.615384,-20400.0,0.0,-4291.384615999999,0.028504609144223148,0.0,-0.0,148.4,333.6461538,268.0307692,219.0142857,83.54615385,0.0,0.7208041850903841,0,0
2021-03-07,False,False,0.35,340,1000,250,2cd,1,156.8,-0.0,156.8,397.6615385,-1256.414940514659,-1256.414940514659,-1076.5816318622642,0.0,0.0,179.83330865239486,5394.999259571846,-6272.0,-6272.0,-15906.46154,0.0,-9634.46154,,0.0,-0.0,70.55384615,90.11538462,70.13076923,70.13076923,81.00309107,0.0,0.17983330865239486,0,0
2021-03-08,False,False,0.35,340,1000,250,2cd,1,164.505387,-0.0,164.505387,387.52414369999997,-2079.594773966466,-2079.594773966466,-1577.8479976708534,0.0,0.0,501.7467762956128,15052.403288868383,-6580.215480000001,-6580.215480000001,-15500.965747999999,0.0,-8920.750267999998,-0.11270476352731751,0.0,-0.0,119.8467775,147.7584084,122.8705375,122.8705375,147.9910054,0.0,0.5017467762956128,0,1
2021-03-09,False,False,0.35,340,1000,250,2cd,1,231.4933013,-0.0,231.4933013,458.0010119,-3098.025432357578,-3098.025432357578,-2233.8790543966334,0.0,0.0,864.1463779609448,25924.391338828347,-9259.732052000001,-9259.732052000001,-18320.040476,0.0,-9060.308423999997,0.01924722132838097,0.0,-0.0,186.8346918,214.7463227,189.8584518,189.8584518,214.9789196,0.0,0.8641463779609448,0,1
2021-03-10,False,False,0.35,340,1000,250,2cd,1,295.3,-0.0,295.3,510.0,-3597.012464126481,-3597.012464126481,-2695.664925773236,0.0,0.0,901.347538353245,27040.426150597348,-11812.0,-11812.0,-20400.0,0.0,-8588.0,0.03157298106317841,0.0,-0.0,253.822606,295.3,256.8463661,256.8463661,141.6615385,0.0,0.901347538353245,0,1
2021-03-11,False,False,0.35,340,1000,250,2cd,1,441.4923077,-0.0,441.4923077,510.0,-4031.710611756477,-4031.710611756477,-3147.8048020634546,0.0,0.0,883.9058096930225,26517.174290790677,-17659.692308,-17659.692308,-20400.0,0.0,-2740.3076919999985,0.0734815420593129,0.0,-0.0,159.8307692,415.3384615,322.5153846,302.1461538,162.1384615,0.0,0.8839058096930226,0,1
2021-03-12,False,False,0.35,340,1000,250,2cd,1,446.0769231,-0.0,446.0769231,510.0,-3609.8250902664386,-3609.8250902664386,-2714.775300077098,0.0,0.0,895.0497901893405,26851.493705680215,-17843.076924,-17843.076924,-20400.0,0.0,-2556.923075999999,0.07694941914338282,0.0,-0.0,173.2692308,400.1153846,295.6384615,230.2230769,83.64615385,0.0,0.8950497901893405,0,1
2021-03-13,False,False,0.35,340,1000,250,2cd,1,336.5153846,-0.0,336.5153846,510.0,-2928.070675827484,-2928.070675827484,-2045.5218930038773,0.0,0.0,882.5487828236069,26476.463484708205,-13460.615384,-13460.615384,-20400.0,0.0,-6939.384615999999,0.04101972084204508,0.0,-0.0,112.5846154,336.5153846,232.3307692,200.5428571,61.50769231,0.0,0.8825487828236068,0,0
2021-03-14,False,False,0.35,340,1000,250,2cd,1,233.2846154,-0.0,233.2846154,483.2846154,-1780.8702463132022,-1780.8702463132022,-1532.8307244345526,0.0,0.0,248.03952187864957,7441.1856563594865,-9331.384616,-9331.384616,-19331.384616,0.0,-10000.0,,0.0,-0.0,71.51538462,233.2846154,147.0846154,147.0846154,39.96923077,0.0,0.24803952187864955,0,0
2021-03-15,False,False,0.35,340,1000,250,2cd,1,362.0461538,-0.0,362.0461538,510.0,-3829.3397285794968,-3829.3397285794968,-2888.634853567305,0.0,0.0,940.7048750121917,28221.14625036575,-14481.846152,-14481.846152,-20400.0,0.0,-5918.153848,0.06066935225327619,0.0,-0.0,154.6769231,356.0769231,261.5769231,189.2307692,255.4157357,0.0,0.9407048750121917,0,1
2021-03-16,False,False,0.35,340,1000,250,2cd,1,404.0615385,-0.0,404.0615385,510.0,-4018.7254078227006,-4018.7254078227006,-3099.785409405327,0.0,0.0,918.9399984173738,27568.199952521212,-16162.46154,-16162.46154,-20400.0,0.0,-4237.53846,0.06908724081805695,0.0,-0.0,326.2720884,404.0615385,331.7878524,247.1538462,83.1,0.0,0.9189399984173737,0,1
2021-03-17,False,False,0.35,340,1000,250,2cd,1,442.1769231,-0.0,442.1769231,510.0,-3524.688684528691,-3524.688684528691,-2646.681190837918,0.0,0.0,878.0074936907727,26340.22481072318,-17687.076924,-17687.076924,-20400.0,0.0,-2712.923075999999,0.07255752304173035,0.0,-0.0,111.7846154,442.1769231,288.7692308,263.1230769,83.0,0.0,0.8780074936907727,0,1
2021-03-18,False,False,0.35,340,1000,250,2cd,1,416.1923077,-0.0,416.1923077,510.0,-3544.334102188119,-3544.334102188119,-2649.539340962801,0.0,0.0,894.7947612253179,26843.842836759537,-16647.692308,-16647.692308,-20400.0,0.0,-3752.3076919999985,0.06805322541161107,0.0,-0.0,103.1714286,397.8230769,291.6615385,277.8769231,74.63846154,0.0,0.8947947612253179,0,1
2021-03-19,False,False,0.35,340,1000,250,2cd,1,448.9,-0.0,448.9,510.0,-3640.755777691382,-3640.755777691382,-2792.0589290001003,0.0,0.0,848.6968486912815,25460.905460738446,-17956.0,-17956.0,-20400.0,0.0,-2444.0,0.06893006584800476,0.0,-0.0,151.2538462,448.9,289.4307692,218.5846154,75.94615385,0.0,0.8486968486912815,0,1
2021-03-20,False,False,0.35,340,1000,250,2cd,1,340.9307692,-0.0,340.9307692,510.0,-2960.709272449112,-2960.709272449112,-2290.656681806102,0.0,0.0,670.0525906430103,20101.577719290308,-13637.230768,-13637.230768,-20400.0,0.0,-6762.769232000001,-0.00768771680443836,0.0,-0.0,90.63076923,338.9538462,259.2230769,259.2230769,72.95384615,0.0,0.6700525906430103,0,0
2021-03-21,False,False,0.35,340,1000,250,2cd,1,383.2285714,-0.0,383.2285714,510.0,-3055.4523217849646,-3055.4523217849646,-2337.0012631889995,0.0,0.0,718.4510585959652,21553.531757878955,-15329.142856,-15329.142856,-20400.0,0.0,-5070.857144,0.02125452754237922,0.0,-0.0,166.5230769,349.5538462,263.6923077,218.5230769,68.13846154,0.0,0.7184510585959651,0,0
2021-03-22,False,False,0.35,340,1000,250,2cd,1,421.9769231,-0.0,421.9769231,510.0,-3494.863223331644,-3494.863223331644,-2609.2848992384656,0.0,0.0,885.5783240931783,26567.34972279535,-16879.076924,-16879.076924,-20400.0,0.0,-3520.923075999999,0.06800310211873084,0.0,-0.0,156.3307692,421.9769231,263.4307692,263.4307692,71.79230769,0.0,0.8855783240931783,0,1
2021-03-23,False,False,0.35,340,1000,250,2cd,1,424.0714286,-0.0,424.0714286,510.0,-3468.116444284513,-3468.116444284513,-2566.7612761962205,0.0,0.0,901.3551680882924,27040.655042648774,-16962.857144,-16962.857144,-20400.0,0.0,-3437.1428559999986,0.07166071328565748,0.0,-0.0,163.8857143,424.0714286,258.9769231,240.2538462,75.94615385,0.0,0.9013551680882924,0,1
2021-03-24,False,False,0.35,340,1000,250,2cd,1,394.3615385,-0.0,394.3615385,510.0,-3294.8648754998912,-3294.8648754998912,-2371.513866303224,0.0,0.0,923.3510091966673,27700.53027590002,-15774.46154,-15774.46154,-20400.0,0.0,-4625.53846,0.06703925297345781,0.0,-0.0,142.7,394.3615385,238.5230769,198.4692308,73.33846154,0.0,0.9233510091966672,0,1
