,date,simulate_pv,solar_to_battery,solar_to_battery_purchase_price,pv_size_kW,storage_size_kWh,storage_power_kW,control_mode,weather_normalization,peak_load,peak_pv,peak_net_load_after_pv,peak_net_load_after_storage,original_energy_bill,post_pv_energy_bill,post_pv&storage_energy_bill,pv_energy_saving,pv_energy_saving_monthly,storage_energy_saving,storage_energy_saving_monthly,original_demand_bill,post_pv_demand_bill,post_pv&storage_demand_bill,pv_demand_saving,storage_demand_saving,IRR,pv_export_revenue,pv_import_charge,0_8_max_net_load_after_pv,12_17_max_net_load_after_pv,8_10_min_net_load_after_pv,8_12_min_net_load_after_pv,17_21_min_net_load_after_pv,total_pv_production_kWh,storage_per_kWh_revenue,2cd_complete,weekday
0,2020-08-01,False,False,0.35,340,500,125,2cd,1,63.63846154,-0.0,63.63846154,187.28461538,-716.0088180227517,-716.0088180227517,-603.3326987842621,0.0,0.0,112.6761192384896,3380.283577154688,-2545.5384616,-2545.5384616,-7491.3846152,0.0,-4945.8461535999995,,0.0,-0.0,57.54615385,63.63846154,41.17692308,41.17692308,40.16153846,0.0,0.22535223847697922,0,0
1,2020-08-02,False,False,0.35,340,500,125,2cd,1,58.14615385,-0.0,58.14615385,181.37692307999998,-721.1255722855917,-721.1255722855917,-597.9364950972047,0.0,0.0,123.18907718838705,3695.6723156516114,-2325.846154,-2325.846154,-7255.076923199999,0.0,-4929.2307691999995,,0.0,-0.0,55.6,57.58461538,42.95384615,41.48571429,39.49230769,0.0,0.2463781543767741,0,0
2,2020-08-03,False,False,0.35,340,500,125,2cd,1,446.5615385,-0.0,446.5615385,471.1923077,-3340.2469004607274,-3340.2469004607274,-2858.81203089551,0.0,0.0,481.43486956521747,14443.046086956525,-17862.46154,-17862.46154,-18847.692308,0.0,-985.2307680000013,0.09387421126440931,0.0,-0.0,123.0769231,324.8307692,283.3769231,265.2153846,77.8,0.0,0.9628697391304349,1,1
3,2020-08-04,False,False,0.35,340,500,125,2cd,1,370.9923077,-0.0,370.9923077,478.3153846,-3267.352362683464,-3267.352362683464,-2785.9174931182465,0.0,0.0,481.43486956521747,14443.046086956525,-14839.692308000002,-14839.692308000002,-19132.615384,0.0,-4292.923075999999,0.04449853469800846,0.0,-0.0,135.5,353.3153846,268.7384615,205.1714286,64.17692308,0.0,0.9628697391304349,1,1
4,2020-08-05,False,False,0.35,340,500,125,2cd,1,431.0076923,-0.0,431.0076923,508.0153846,-3443.30161255114,-3443.30161255114,-2975.8357615018376,0.0,0.0,467.4658510493023,14023.975531479067,-17240.307692,-17240.307692,-20320.615384,0.0,-3080.307692000002,0.05775170252552897,0.0,-0.0,77.16153846,383.0153846,339.2,276.0923077,70.46923077,0.0,0.9349317020986045,0,1
5,2020-08-06,False,False,0.35,340,500,125,2cd,1,403.2692308,-0.0,403.2692308,513.5615385,-3255.08876089085,-3255.08876089085,-2791.446183192277,0.0,0.0,463.64257769857295,13909.27733095719,-16130.769232,-16130.769232,-20542.46154,0.0,-4411.692308,0.03522782236009303,0.0,-0.0,138.5692308,388.5615385,288.8692308,218.8846154,65.45384615,0.0,0.927285155397146,0,1
6,2020-08-07,False,False,0.35,340,500,125,2cd,1,449.9615385,-0.0,449.9615385,529.5692308,-3484.8324330050673,-3484.8324330050673,-3003.3975634398494,0.0,0.0,481.4348695652179,14443.046086956538,-17998.46154,-17998.46154,-21182.769232,0.0,-3184.3076919999985,0.0616651472848484,0.0,-0.0,146.6769231,404.5692308,330.1846154,278.7692308,66.29230769,0.0,0.9628697391304358,1,1
7,2020-08-08,False,False,0.35,340,500,125,2cd,1,193.5538462,-0.0,193.5538462,318.5538462,-1489.577830214701,-1489.577830214701,-1232.9093161317787,0.0,0.0,256.66851408292223,7700.055422487667,-7742.153848,-7742.153848,-12742.153848,0.0,-5000.0,-0.13191481607373012,0.0,-0.0,145.9923077,193.5538462,126.5846154,112.0230769,36.66923077,0.0,0.5133370281658445,0,0
8,2020-08-09,False,False,0.35,340,500,125,2cd,1,158.8714286,-0.0,158.8714286,283.8714286,-1486.354720644797,-1486.354720644797,-1101.0178030995435,0.0,0.0,385.3369175452535,11560.107526357606,-6354.857144,-6354.857144,-11354.857144,0.0,-5000.0,-0.0149751809347074,0.0,-0.0,50.56923077,158.8714286,115.6846154,115.6846154,36.62857143,0.0,0.770673835090507,0,0
9,2020-08-10,False,False,0.35,340,500,125,2cd,1,416.2,-0.0,416.2,541.2,-3528.3043588793143,-3528.3043588793143,-3073.2186649068035,0.0,0.0,455.08569397251085,13652.570819175326,-16648.0,-16648.0,-21648.0,0.0,-5000.0,0.02154392150674611,0.0,-0.0,141.0307692,416.2,312.8615385,201.5307692,53.93846154,0.0,0.9101713879450217,0,1
10,2020-08-11,False,False,0.35,340,500,125,2cd,1,398.2307692,-0.0,398.2307692,457.3769231,-3205.1936430526684,-3205.1936430526684,-2735.422868260661,0.0,0.0,469.7707747920076,14093.123243760228,-15929.230768,-15929.230768,-18295.076924,0.0,-2365.8461560000014,0.0694382495916186,0.0,-0.0,90.55384615,332.3769231,300.6846154,205.6,54.92307692,0.0,0.9395415495840153,0,1
11,2020-08-12,False,False,0.35,340,500,125,2cd,1,408.5384615,-0.0,408.5384615,455.2142857,-3153.2130434820638,-3153.2130434820638,-2688.183190815189,0.0,0.0,465.02985266687483,13950.895580006245,-16341.53846,-16341.53846,-18208.571428,0.0,-1867.0329679999995,0.0750122389662391,0.0,-0.0,139.6153846,330.2142857,261.5769231,211.8769231,55.73076923,0.0,0.9300597053337497,0,1
12,2020-08-13,False,False,0.35,340,500,125,2cd,1,437.9230769,-0.0,437.9230769,551.2384615000001,-3449.496432635764,-3449.496432635764,-2976.475464898266,0.0,0.0,473.0209677374978,14190.629032124934,-17516.923076,-17516.923076,-22049.538460000003,0.0,-4532.615384000004,0.0371926743707236,0.0,-0.0,170.4692308,426.2384615,324.1230769,261.9384615,61.54615385,0.0,0.9460419354749956,0,1
13,2020-08-14,False,False,0.35,340,500,125,2cd,1,395.8153846,-0.0,395.8153846,485.0071429,-3158.413327115833,-3158.413327115833,-2719.6210786760803,0.0,0.0,438.7922484397527,13163.76745319258,-15832.615384,-15832.615384,-19400.285716000002,0.0,-3567.6703320000015,0.03849339073702929,0.0,-0.0,162.5142857,360.0071429,290.1,234.4846154,48.16153846,0.0,0.8775844968795055,0,1
14,2020-08-15,False,False,0.35,340,500,125,2cd,1,66.85384615,-0.0,66.85384615,187.63076923,-769.5370667938039,-769.5370667938039,-636.3433916324358,0.0,0.0,133.1936751613681,3995.8102548410434,-2674.1538459999997,-2674.1538459999997,-7505.2307691999995,0.0,-4831.0769232,,0.0,-0.0,57.13846154,66.85384615,43.24615385,43.24615385,42.92307692,0.0,0.2663873503227362,0,0
15,2020-08-16,False,False,0.35,340,500,125,2cd,1,60.94615385,-0.0,60.94615385,178.81538462,-688.7773293367752,-688.7773293367752,-585.3157702372127,0.0,0.0,103.46155909956246,3103.846772986874,-2437.846154,-2437.846154,-7152.6153848,0.0,-4714.7692308000005,,0.0,-0.0,53.45714286,53.82307692,38.90769231,38.90769231,38.25384615,0.0,0.20692311819912493,0,0
16,2020-08-17,False,False,0.35,340,500,125,2cd,1,408.9,-0.0,408.9,533.9,-3437.2762011303025,-3437.2762011303025,-2955.841331565085,0.0,0.0,481.43486956521747,14443.046086956525,-16356.0,-16356.0,-21356.0,0.0,-5000.0,0.03311811780048246,0.0,-0.0,142.4076923,408.9,306.1071429,249.6,81.9,0.0,0.9628697391304349,1,1
17,2020-08-18,False,False,0.35,340,500,125,2cd,1,463.8538462,-0.0,463.8538462,535.6384615,-3632.7352313849415,-3632.7352313849415,-3151.3003618197245,0.0,0.0,481.434869565217,14443.04608695651,-18554.153848,-18554.153848,-21425.538459999996,0.0,-2871.3846119999944,0.06638497031093182,0.0,-0.0,161.0076923,405.3230769,348.3076923,299.8384615,73.2,0.0,0.962869739130434,1,1
18,2020-08-19,False,False,0.35,340,500,125,2cd,1,412.7076923,-0.0,412.7076923,477.2384615,-3414.1498021317575,-3414.1498021317575,-2944.8659301221774,0.0,0.0,469.28387200958014,14078.516160287403,-16508.307692000002,-16508.307692000002,-19089.53846,0.0,-2581.2307679999976,0.06602856953279423,0.0,-0.0,158.1076923,351.7076923,306.9230769,212.6076923,68.66923077,0.0,0.9385677440191603,0,1
19,2020-08-20,False,False,0.35,340,500,125,2cd,1,405.3714286,-0.0,405.3714286,490.4461538,-3327.8336239831556,-3327.8336239831556,-2846.3987544179386,0.0,0.0,481.434869565217,14443.04608695651,-16214.857144,-16214.857144,-19617.846152,0.0,-3402.9890079999986,0.058335771106058365,0.0,-0.0,173.5615385,365.4461538,316.2923077,243.0692308,67.72307692,0.0,0.962869739130434,1,1
20,2020-08-21,False,False,0.35,340,500,125,2cd,1,455.0307692,-0.0,455.0307692,527.4076923,-3429.1659984896232,-3429.1659984896232,-2970.8462985003353,0.0,0.0,458.319699989288,13749.59099967864,-18201.230768,-18201.230768,-21096.307692000002,0.0,-2895.076924000001,0.056969650261373905,0.0,-0.0,148.4,402.4076923,314.5307692,290.5461538,54.95384615,0.0,0.916639399978576,0,1
21,2020-08-22,False,False,0.35,340,500,125,2cd,1,63.84615385,-0.0,63.84615385,188.84615385,-671.8818826358579,-671.8818826358579,-576.3641049616475,0.0,0.0,95.51777767421038,2865.5333302263116,-2553.846154,-2553.846154,-7553.846154000001,0.0,-5000.000000000001,,0.0,-0.0,63.84615385,53.55384615,37.86153846,37.86153846,35.07692308,0.0,0.19103555534842076,0,0
22,2020-08-23,False,False,0.35,340,500,125,2cd,1,51.39230769,-0.0,51.39230769,175.79230769,-624.905494377906,-624.905494377906,-537.4318492594068,0.0,0.0,87.47364511849923,2624.209353554977,-2055.6923076000003,-2055.6923076000003,-7031.6923076,0.0,-4976.0,,0.0,-0.0,47.46153846,50.79230769,34.66153846,34.53076923,36.00769231,0.0,0.17494729023699848,0,0
23,2020-08-24,False,False,0.35,340,500,125,2cd,1,415.7923077,-0.0,415.7923077,536.1384615,-3469.0384985836863,-3469.0384985836863,-3008.6506777552067,0.0,0.0,460.38782082847956,13811.634624854387,-16631.692307999998,-16631.692307999998,-21445.538459999996,0.0,-4813.846151999998,0.02713415658779006,0.0,-0.0,120.6,411.1384615,300.1615385,225.6461538,56.9,0.0,0.9207756416569591,0,1
24,2020-08-25,False,False,0.35,340,500,125,2cd,1,423.0692308,-0.0,423.0692308,473.3615385,-3309.5904704756354,-3309.5904704756354,-2848.652609951864,0.0,0.0,460.9378605237712,13828.135815713136,-16922.769232,-16922.769232,-18934.46154,0.0,-2011.6923080000015,0.07131146705174918,0.0,-0.0,145.6769231,348.3615385,319.2,221.6285714,54.87692308,0.0,0.9218757210475423,0,1
25,2020-08-26,False,False,0.35,340,500,125,2cd,1,433.3615385,-0.0,433.3615385,490.9153846,-3334.1024824326637,-3334.1024824326637,-2877.0805634408553,0.0,0.0,457.02191899180843,13710.657569754254,-17334.46154,-17334.46154,-19636.615384,0.0,-2302.1538440000004,0.06546231499857358,0.0,-0.0,199.0153846,365.9153846,352.3923077,224.2307692,48.47692308,0.0,0.9140438379836169,0,1
26,2020-08-27,False,False,0.35,340,500,125,2cd,1,360.3153846,-0.0,360.3153846,485.3153846,-3075.531759688459,-3075.531759688459,-2609.4003115799396,0.0,0.0,466.1314481085192,13983.943443255575,-14412.615384,-14412.615384,-19412.615384,0.0,-5000.0,0.02648758771547599,0.0,-0.0,83.02307692,360.3153846,264.8846154,200.4230769,44.86153846,0.0,0.9322628962170384,0,1
27,2020-08-28,False,False,0.35,340,500,125,2cd,1,441.7076923,-0.0,441.7076923,489.0307692,-3210.5691383513895,-3210.5691383513895,-2760.2104220745714,0.0,0.0,450.3587162768181,13510.761488304543,-17668.307692000002,-17668.307692000002,-19561.230768,0.0,-1892.9230759999991,0.06901255646771332,0.0,-0.0,128.4846154,364.0307692,323.8230769,248.7615385,44.94615385,0.0,0.9007174325536361,0,1
28,2020-08-29,False,False,0.35,340,500,125,2cd,1,53.85384615,-0.0,53.85384615,178.85384615,-607.314773540025,-607.314773540025,-537.2303383603694,0.0,0.0,70.08443517965566,2102.5330553896697,-2154.153846,-2154.153846,-7154.153846,0.0,-5000.0,,0.0,-0.0,53.85384615,52.86153846,32.36153846,32.36153846,32.36923077,0.0,0.1401688703593113,0,0
29,2020-08-30,False,False,0.35,340,500,125,2cd,1,57.3,-0.0,57.3,182.3,-637.2931131107928,-637.2931131107928,-546.5250959811738,0.0,0.0,90.76801712961901,2723.0405138885703,-2292.0,-2292.0,-7292.0,0.0,-5000.0,,0.0,-0.0,46.72307692,57.3,34.55384615,34.55384615,34.71538462,0.0,0.18153603425923803,0,0
30,2020-08-31,False,False,0.35,340,500,125,2cd,1,366.2,-0.0,366.2,461.7230769,-2497.3545788550105,-2497.3545788550105,-2162.5471378917846,0.0,0.0,334.8074409632259,10044.223228896775,-14648.0,-14648.0,-18468.923076,0.0,-3820.923075999999,-0.01806343783169362,0.0,-0.0,89.36153846,336.7230769,256.9384615,166.9571429,55.84615385,0.0,0.6696148819264518,0,1
31,2020-09-01,False,False,0.35,340,500,125,2cd,1,427.6461538,-0.0,427.6461538,475.7615385,-3297.4485251033407,-3297.4485251033407,-2829.582324744025,0.0,0.0,467.8662003593158,14035.986010779474,-17105.846152,-17105.846152,-19030.46154,0.0,-1924.615388000002,0.07524319041726968,0.0,-0.0,183.4615385,350.7615385,298.2538462,201.3428571,62.32307692,0.0,0.9357324007186316,0,1
32,2020-09-02,False,False,0.35,340,500,125,2cd,1,406.5384615,-0.0,406.5384615,461.8153846,-3076.044769697579,-3076.044769697579,-2627.298565132296,0.0,0.0,448.7462045652828,13462.386136958485,-16261.53846,-16261.53846,-18472.615384,0.0,-2211.076924000001,0.0636136293391143,0.0,-0.0,135.1153846,336.8153846,291.1384615,213.7384615,59.08461538,0.0,0.8974924091305656,0,1
33,2020-09-03,False,False,0.35,340,500,125,2cd,1,384.9384615,-0.0,384.9384615,466.8384615,-3012.0711103954723,-3012.0711103954723,-2560.0004962145395,0.0,0.0,452.0706141809328,13562.118425427983,-15397.53846,-15397.53846,-18673.53846,0.0,-3276.0,0.04856579738110445,0.0,-0.0,132.3923077,341.8384615,273.1384615,199.5230769,57.06923077,0.0,0.9041412283618656,0,1
34,2020-09-04,False,False,0.35,340,500,125,2cd,1,394.5615385,-0.0,394.5615385,511.3214286,-3119.353385540514,-3119.353385540514,-2637.918515975296,0.0,0.0,481.4348695652179,14443.046086956538,-15782.46154,-15782.46154,-20452.857144,0.0,-4670.395604000001,0.03847530357850104,0.0,-0.0,133.0076923,386.3214286,238.8230769,238.18,65.60769231,0.0,0.9628697391304358,1,1
35,2020-09-05,False,False,0.35,340,500,125,2cd,1,338.4461538,-0.0,338.4461538,398.9153846,-2105.51703126154,-2105.51703126154,-1807.7001468644244,0.0,0.0,297.8168843971157,8934.50653191347,-13537.846152,-13537.846152,-15956.615383999999,0.0,-2418.7692319999987,-0.007555035769247764,0.0,-0.0,63.27692308,273.9153846,158.5384615,158.5384615,46.26923077,0.0,0.5956337687942314,0,0
36,2020-09-06,False,False,0.35,340,500,125,2cd,1,94.13846154,-0.0,94.13846154,219.13846153999998,-790.8964932411254,-790.8964932411254,-679.4568876913002,0.0,0.0,111.43960554982527,3343.188166494758,-3765.5384615999997,-3765.5384615999997,-8765.5384616,0.0,-5000.0,,0.0,-0.0,57.64615385,94.13846154,49.26153846,37.46923077,34.43076923,0.0,0.22287921109965056,0,0
37,2020-09-07,False,False,0.35,340,500,125,2cd,1,376.8692308,-0.0,376.8692308,450.6461538,-2865.4815320494226,-2865.4815320494226,-2412.2961517986623,0.0,0.0,453.1853802507603,13595.56140752281,-15074.769232,-15074.769232,-18025.846152,0.0,-2951.0769199999977,0.05406660269421404,0.0,-0.0,127.7785714,314.1615385,295.8307692,184.7307692,62.97692308,0.0,0.9063707605015207,0,1
38,2020-09-08,False,False,0.35,340,500,125,2cd,1,403.9384615,-0.0,403.9384615,451.0,-3271.3354302417497,-3271.3354302417497,-2791.3127114064405,0.0,0.0,480.0227188353092,14400.681565059276,-16157.53846,-16157.53846,-18040.0,0.0,-1882.4615400000002,0.08045680522455245,0.0,-0.0,186.7923077,326.0,295.4230769,175.9230769,70.75384615,0.0,0.9600454376706185,0,1
39,2020-09-09,False,False,0.35,340,500,125,2cd,1,361.5692308,-0.0,361.5692308,474.2076923,-3118.644099780652,-3118.644099780652,-2637.2092302154347,0.0,0.0,481.43486956521747,14443.046086956525,-14462.769232,-14462.769232,-18968.307692000002,0.0,-4505.538460000002,0.04111802365242556,0.0,-0.0,208.0615385,349.2076923,271.8923077,157.8923077,76.03846154,0.0,0.9628697391304349,1,1
40,2020-09-10,False,False,0.35,340,500,125,2cd,1,390.3142857,-0.0,390.3142857,480.2461538,-3171.671733897279,-3171.671733897279,-2722.1280333567965,0.0,0.0,449.5437005404824,13486.311016214473,-15612.571428000001,-15612.571428000001,-19209.846152,0.0,-3597.274723999997,0.04246377392851919,0.0,-0.0,135.1923077,355.2461538,299.8384615,184.0692308,62.22857143,0.0,0.8990874010809649,0,1
41,2020-09-11,False,False,0.35,340,500,125,2cd,1,441.9076923,-0.0,441.9076923,442.7461538,-3150.3786678334445,-3150.3786678334445,-2705.795842129501,0.0,0.0,444.5828257039434,13337.484771118303,-17676.307692000002,-17676.307692000002,-17709.846152,0.0,-33.53845999999612,0.0938696869754585,0.0,-0.0,172.6692308,317.7461538,318.3538462,199.6384615,49.77692308,0.0,0.8891656514078868,0,1
42,2020-09-12,False,False,0.35,340,500,125,2cd,1,190.5,-0.0,190.5,297.4230769,-1503.531044022854,-1503.531044022854,-1254.136319329652,0.0,0.0,249.39472469320208,7481.841740796062,-7620.0,-7620.0,-11896.923076000001,0.0,-4276.923076000001,-0.10593940456836926,0.0,-0.0,64.66153846,172.4230769,155.4384615,145.9384615,43.26153846,0.0,0.4987894493864042,0,0
43,2020-09-13,False,False,0.35,340,500,125,2cd,1,111.7230769,-0.0,111.7230769,232.7615385,-1077.2816067054823,-1077.2816067054823,-893.9168255074039,0.0,0.0,183.3647811980784,5500.943435942352,-4468.923076,-4468.923076,-9310.46154,0.0,-4841.538464,,0.0,-0.0,60.72666667,109.1692308,78.9,78.9,18.42307692,0.0,0.3667295623961568,0,0
44,2020-09-14,False,False,0.35,340,500,125,2cd,1,370.4307692,-0.0,370.4307692,495.4307692,-2831.9388327591923,-2831.9388327591923,-2408.6889722063097,0.0,0.0,423.24986055288264,12697.49581658648,-14817.230768,-14817.230768,-19817.230768,0.0,-5000.000000000002,0.006261976509224887,0.0,-0.0,123.9230769,370.4307692,263.5384615,175.4307692,42.33846154,0.0,0.8464997211057653,0,1
45,2020-09-15,False,False,0.35,340,500,125,2cd,1,337.9307692,-0.0,337.9307692,431.3,-2758.5650248474954,-2758.5650248474954,-2303.784671602902,0.0,0.0,454.78035324459324,13643.410597337797,-13517.230768,-13517.230768,-17252.0,0.0,-3734.7692320000006,0.04242853298296634,0.0,-0.0,52.54615385,306.3,248.2538462,180.3538462,46.36923077,0.0,0.9095607064891865,0,1
46,2020-09-16,False,False,0.35,340,500,125,2cd,1,418.3153846,-0.0,418.3153846,470.9461538,-3083.477748185841,-3083.477748185841,-2644.82985556479,0.0,0.0,438.64789262105114,13159.436778631534,-16732.615384,-16732.615384,-18837.846152,0.0,-2105.2307679999976,0.06126682200563027,0.0,-0.0,153.9692308,345.9461538,338.3230769,232.3615385,46.18571429,0.0,0.8772957852421023,0,1
47,2020-09-17,False,False,0.35,340,500,125,2cd,1,404.9461538,-0.0,404.9461538,435.1076923,-2934.4375937910618,-2934.4375937910618,-2508.706727300114,0.0,0.0,425.73086649094785,12771.925994728435,-16197.846152,-16197.846152,-17404.307692,0.0,-1206.4615399999984,0.0697612885823582,0.0,-0.0,120.7615385,310.1076923,281.7,147.8769231,42.25384615,0.0,0.8514617329818956,0,1
48,2020-09-18,False,False,0.35,340,500,125,2cd,1,399.4923077,-0.0,399.4923077,499.3307692,-3008.376267742303,-3008.376267742303,-2570.1299846311967,0.0,0.0,438.2462831111061,13147.388493333183,-15979.692308000002,-15979.692308000002,-19973.230768,0.0,-3993.5384599999998,0.03130590720530524,0.0,-0.0,119.1,374.3307692,330.7615385,214.1692308,47.66153846,0.0,0.8764925662222122,0,1
49,2020-09-19,False,False,0.35,340,500,125,2cd,1,325.6307692,-0.0,325.6307692,410.6692308,-2473.5202576844795,-2473.5202576844795,-2087.2400765239045,0.0,0.0,386.280181160575,11588.40543481725,-13025.230768,-13025.230768,-16426.769232,0.0,-3401.5384639999993,0.018355451653377264,0.0,-0.0,121.6,285.6692308,241.0846154,154.4461538,34.78461538,0.0,0.77256036232115,0,0
50,2020-09-20,False,False,0.35,340,500,125,2cd,1,57.03076923,-0.0,57.03076923,180.83571429,-659.4911373683735,-659.4911373683735,-556.1578057237109,0.0,0.0,103.33333164466262,3099.9999493398786,-2281.2307692,-2281.2307692,-7233.4285715999995,0.0,-4952.1978024,,0.0,-0.0,48.22307692,57.03076923,40.86923077,40.44615385,31.74615385,0.0,0.20666666328932523,0,0
51,2020-09-21,False,False,0.35,340,500,125,2cd,1,416.1153846,-0.0,416.1153846,483.0153846,-2964.925032786845,-2964.925032786845,-2514.8059461889356,0.0,0.0,450.11908659790925,13503.572597937276,-16644.615384,-16644.615384,-19320.615384,0.0,-2676.0,0.05708047549792927,0.0,-0.0,122.0357143,358.0153846,285.6923077,242.3538462,39.32307692,0.0,0.9002381731958184,0,1
52,2020-09-22,False,False,0.35,340,500,125,2cd,1,48.46153846,-0.0,48.46153846,173.26428571,-560.0357267813788,-560.0357267813788,-498.57006795003883,0.0,0.0,61.465658831339965,1843.969764940199,-1938.4615383999999,-1938.4615383999999,-6930.5714284,0.0,-4992.10989,,0.0,-0.0,48.26428571,48.46153846,29.93076923,29.93076923,29.97692308,0.0,0.12293131766267994,0,1
53,2020-09-23,False,False,0.35,340,500,125,2cd,1,367.9,-0.0,367.9,487.9538462,-2952.5935067041673,-2952.5935067041673,-2494.983931178672,0.0,0.0,457.60957552549553,13728.287265764866,-14716.0,-14716.0,-19518.153847999998,0.0,-4802.153847999998,0.026105198212766467,0.0,-0.0,117.0230769,362.9538462,257.6571429,192.9,48.4,0.0,0.915219151050991,0,1
54,2020-09-24,False,False,0.35,340,500,125,2cd,1,359.0,-0.0,359.0,441.9846154,-2906.0573191944686,-2906.0573191944686,-2452.026318048018,0.0,0.0,454.03100114645076,13620.930034393523,-14360.0,-14360.0,-17679.384616,0.0,-3319.3846159999994,0.048679455268696215,0.0,-0.0,122.1,316.9846154,231.3615385,200.6076923,39.33846154,0.0,0.9080620022929016,0,1
55,2020-09-25,False,False,0.35,340,500,125,2cd,1,383.1846154,-0.0,383.1846154,470.0923077,-2859.353690409795,-2859.353690409795,-2408.3569091114214,0.0,0.0,450.99678129837366,13529.903438951209,-15327.384616,-15327.384616,-18803.692307999998,0.0,-3476.3076919999985,0.044977785478454324,0.0,-0.0,119.7692308,345.0923077,230.4142857,208.1538462,41.1,0.0,0.9019935625967473,0,1
56,2020-09-26,False,False,0.35,340,500,125,2cd,1,181.6230769,-0.0,181.6230769,306.6230769,-1482.5121357317637,-1482.5121357317637,-1210.8851475563986,0.0,0.0,271.6269881753651,8148.809645260953,-7264.923076,-7264.923076,-12264.923076,0.0,-4999.999999999999,-0.11265703295309171,0.0,-0.0,131.6461538,181.6230769,130.5615385,130.5615385,34.50769231,0.0,0.5432539763507302,0,0
57,2020-09-27,False,False,0.35,340,500,125,2cd,1,370.7538462,-0.0,370.7538462,440.2,-2925.8567557734414,-2925.8567557734414,-2459.527274420293,0.0,0.0,466.32948135314837,13989.884440594451,-14830.153848,-14830.153848,-17608.0,0.0,-2777.846152,0.06191134657966435,0.0,-0.0,121.9285714,315.2,257.6,196.2153846,47.58461538,0.0,0.9326589627062968,0,0
58,2020-09-28,False,False,0.35,340,500,125,2cd,1,398.1076923,-0.0,398.1076923,523.1076923,-3009.3375625863746,-3009.3375625863746,-2533.3622515610105,0.0,0.0,475.97531102536414,14279.259330760924,-15924.307692,-15924.307692,-20924.307692000002,0.0,-5000.000000000002,0.030776537763604006,0.0,-0.0,147.8153846,383.6142857,216.1230769,216.1230769,55.66153846,0.0,0.9519506220507282,0,1
59,2020-09-29,False,False,0.35,340,500,125,2cd,1,372.6153846,-0.0,372.6153846,418.0769231,-2686.342144245636,-2686.342144245636,-2261.8728158315457,0.0,0.0,424.46932841409034,12734.07985242271,-14904.615384,-14904.615384,-16723.076924,0.0,-1818.4615400000002,0.06005818680742836,0.0,-0.0,126.7692308,293.0769231,268.5846154,178.2692308,47.33846154,0.0,0.8489386568281807,0,1
60,2020-09-30,False,False,0.35,340,500,125,2cd,1,316.05,-0.0,316.05,407.3384615,-2077.983758580025,-2077.983758580025,-1817.0629401860297,0.0,0.0,260.92081839399543,7827.624551819863,-12642.0,-12642.0,-16293.53846,0.0,-3651.5384599999998,-0.07000677853375314,0.0,-0.0,136.4538462,282.3384615,222.6923077,157.8857143,5.5,0.0,0.5218416367879909,0,1
61,2020-10-01,False,False,0.35,340,500,125,2cd,1,32.62307692,-0.0,32.62307692,153.8,-211.32385596311417,-211.32385596311417,-278.49031718986805,0.0,0.0,-67.16646122675388,-2014.9938368026164,-1304.9230768000002,-1304.9230768000002,-6152.0,0.0,-4847.0769232,,0.0,-0.0,30.73846154,32.62307692,5.215384615,5.215384615,5.1,0.0,-0.13433292245350775,0,1
62,2020-10-02,False,False,0.35,340,500,125,2cd,1,28.98461538,-0.0,28.98461538,153.38461538,-192.29106090219366,-192.29106090219366,-266.52524649421565,0.0,0.0,-74.23418559202199,-2227.0255677606597,-1159.3846152,-1159.3846152,-6135.384615200001,0.0,-4976.0,,0.0,-0.0,28.8,28.26923077,4.315384615,4.315384615,4.6,0.0,-0.14846837118404396,0,1
63,2020-10-03,False,False,0.35,340,500,125,2cd,1,30.23076923,-0.0,30.23076923,155.23076923,-193.140983064897,-193.140983064897,-265.10936241656316,0.0,0.0,-71.96837935166616,-2159.051380549985,-1209.2307692,-1209.2307692,-6209.2307691999995,0.0,-5000.0,,0.0,-0.0,30.23076923,28.76923077,4.015384615,4.015384615,5.1,0.0,-0.1439367587033323,0,0
64,2020-10-04,False,False,0.35,340,500,125,2cd,1,28.89230769,-0.0,28.89230769,153.48571429,-190.27387488540492,-190.27387488540492,-262.7308611404112,0.0,0.0,-72.45698625500629,-2173.7095876501885,-1155.6923076,-1155.6923076,-6139.4285716,0.0,-4983.736264,,0.0,-0.0,28.48571429,28.89230769,4.5,4.5,4.346153846,0.0,-0.14491397251001256,0,0
65,2020-10-05,False,False,0.35,340,500,125,2cd,1,28.7,-0.0,28.7,152.8,-185.42721977785965,-185.42721977785965,-258.2395455578445,0.0,0.0,-72.81232577998486,-2184.369773399546,-1148.0,-1148.0,-6112.0,0.0,-4964.0,,0.0,-0.0,27.97692308,28.7,4.530769231,4.530769231,4.8,0.0,-0.14562465155996973,0,1
66,2020-10-06,False,False,0.35,340,500,125,2cd,1,84.13846154,-0.0,84.13846154,152.10769231,-388.76623995094843,-388.76623995094843,-312.7897862282786,0.0,0.0,75.97645372266982,2279.2936116800947,-3365.5384615999997,-3365.5384615999997,-6084.3076924,0.0,-2718.7692308,,0.0,-0.0,27.6,26.26153846,3.992307692,3.992307692,4.923076923,0.0,0.15195290744533962,0,1
67,2020-10-07,False,False,0.35,340,500,125,2cd,1,255.5769231,-0.0,255.5769231,380.5769231,-1882.6284132459523,-1882.6284132459523,-1529.5712236211866,0.0,0.0,353.05718962476567,10591.71568874297,-10223.076923999999,-10223.076923999999,-15223.076923999999,0.0,-5000.0,-0.037260965424719905,0.0,-0.0,115.0076923,255.5769231,147.9461538,120.6,31.9,0.0,0.7061143792495314,0,1
68,2020-10-08,False,False,0.35,340,500,125,2cd,1,351.2307692,-0.0,351.2307692,427.0153846,-2697.6669216432483,-2697.6669216432483,-2266.0370730166596,0.0,0.0,431.6298486265887,12948.89545879766,-14049.230768,-14049.230768,-17080.615384,0.0,-3031.384616000001,0.04410118305653721,0.0,-0.0,125.0538462,302.0153846,255.3615385,172.2384615,43.82307692,0.0,0.8632596972531774,0,1
69,2020-10-09,False,False,0.35,340,500,125,2cd,1,405.4076923,-0.0,405.4076923,455.5153846,-2871.0854927842283,-2871.0854927842283,-2443.4007772694085,0.0,0.0,427.6847155148198,12830.541465444594,-16216.307692,-16216.307692,-18220.615384,0.0,-2004.3076920000003,0.05849066677986081,0.0,-0.0,114.7769231,330.5153846,273.5692308,204.3230769,42.9,0.0,0.8553694310296396,0,1
70,2020-11-27,False,False,0.35,340,500,125,2cd,1,416.9923077,-0.0,416.9923077,529.1692307999999,-3402.9121884526076,-3402.9121884526076,-2930.45443104893,0.0,0.0,472.45775740367753,14173.732722110326,-16679.692308,-16679.692308,-21166.769232,0.0,-4487.076923999997,0.03769268959802763,0.0,-0.0,68.55384615,404.1692308,302.7923077,192.8153846,56.47142857,0.0,0.944915514807355,0,1
71,2020-11-28,False,False,0.35,340,500,125,2cd,1,328.8923077,-0.0,328.8923077,453.8923077,-2455.0128272732018,-2455.0128272732018,-2057.7872351416718,0.0,0.0,397.22559213153,11916.7677639459,-13155.692308,-13155.692308,-18155.692308,0.0,-5000.000000000002,-0.007851731311915855,0.0,-0.0,66.76153846,328.8923077,194.7692308,187.7230769,41.10769231,0.0,0.7944511842630599,0,0
72,2020-11-29,False,False,0.35,340,500,125,2cd,1,69.24285714,-0.0,69.24285714,188.83846154,-779.056798587829,-779.056798587829,-615.6043724747867,0.0,0.0,163.4524261130423,4903.572783391269,-2769.7142856,-2769.7142856,-7553.5384616,0.0,-4783.824176,,0.0,-0.0,52.08461538,63.83846154,41.74615385,41.74615385,45.59230769,0.0,0.32690485222608456,0,0
73,2020-11-30,False,False,0.35,340,500,125,2cd,1,434.5384615,-0.0,434.5384615,557.0076922999999,-2998.6172529207415,-2998.6172529207415,-2569.9112922972354,0.0,0.0,428.70596062350614,12861.178818705184,-17381.53846,-17381.53846,-22280.307691999995,0.0,-4898.769231999995,0.010947525925011803,0.0,-0.0,176.6923077,432.0076923,267.7538462,225.7846154,55.77857143,0.0,0.8574119212470123,0,1
74,2020-12-01,False,False,0.35,340,500,125,2cd,1,435.1153846,-0.0,435.1153846,492.5846154,-3299.966079544211,-3299.966079544211,-2833.0382345972967,0.0,0.0,466.9278449469143,14007.835348407429,-17404.615384,-17404.615384,-19703.384616,0.0,-2298.7692319999987,0.06934338967220732,0.0,-0.0,131.1428571,367.5846154,324.4461538,251.3769231,64.52142857,0.0,0.9338556898938286,0,1
75,2020-12-02,False,False,0.35,340,500,125,2cd,1,370.6538462,-0.0,370.6538462,475.6307692,-3147.0112156055206,-3147.0112156055206,-2678.298939548992,0.0,0.0,468.7122760565285,14061.368281695854,-14826.153847999998,-14826.153847999998,-19025.230767999998,0.0,-4199.0769199999995,0.04076317660414275,0.0,-0.0,132.3769231,350.6307692,281.9461538,217.4461538,57.45384615,0.0,0.937424552113057,0,1
76,2020-12-03,False,False,0.35,340,500,125,2cd,1,472.0384615,-0.0,472.0384615,590.0,-3320.712453767377,-3320.712453767377,-2849.8219541747726,0.0,0.0,470.89049959260456,14126.714987778138,-18881.53846,-18881.53846,-23600.0,0.0,-4718.46154,0.03326931481089357,0.0,-0.0,139.2615385,472.0384615,206.4692308,188.1846154,59.54615385,0.0,0.9417809991852091,0,1
77,2020-12-04,False,False,0.35,340,500,125,2cd,1,456.4923077,-0.0,456.4923077,541.3307692000001,-3374.0423287878657,-3374.0423287878657,-2910.1594581211225,0.0,0.0,463.8828706667432,13916.486120002297,-18259.692308,-18259.692308,-21653.230768,0.0,-3393.5384599999998,0.051492890994956575,0.0,-0.0,63.43846154,416.3307692,299.6,263.3076923,59.0,0.0,0.9277657413334864,0,1
78,2020-12-05,False,False,0.35,340,500,125,2cd,1,420.6153846,-0.0,420.6153846,545.6153846,-3187.626760710481,-3187.626760710481,-2733.080162489826,0.0,0.0,454.54659822065514,13636.397946619654,-16824.615384,-16824.615384,-21824.615383999997,0.0,-4999.999999999996,0.021297244366613066,0.0,-0.0,139.5923077,420.6153846,259.5,192.6461538,50.54615385,0.0,0.9090931964413103,0,0
79,2020-12-06,False,False,0.35,340,500,125,2cd,1,260.9367442,-0.0,260.9367442,385.9367442,-2099.5199418332686,-2099.5199418332686,-1687.5341457424543,0.0,0.0,411.98579609081435,12359.573882724431,-10437.469768,-10437.469768,-15437.469768,0.0,-5000.0,0.0003684955579124072,0.0,-0.0,115.0846154,260.9367442,171.1615385,171.1615385,52.14615385,0.0,0.8239715921816287,0,0
80,2020-12-07,False,False,0.35,340,500,125,2cd,1,423.1153846,-0.0,423.1153846,548.1153846,-3489.3732340930856,-3489.3732340930856,-3007.9383645278685,0.0,0.0,481.434869565217,14443.04608695651,-16924.615384,-16924.615384,-21924.615383999997,0.0,-4999.999999999996,0.033118117800482016,0.0,-0.0,160.5769231,423.1153846,321.4,203.5307692,67.52307692,0.0,0.962869739130434,1,1
81,2020-12-08,False,False,0.35,340,500,125,2cd,1,461.1076923,-0.0,461.1076923,539.5461538,-3513.87997057336,-3513.87997057336,-3032.445101008143,0.0,0.0,481.434869565217,14443.04608695651,-18444.307692,-18444.307692,-21581.846152,0.0,-3137.5384599999998,0.062373833160469516,0.0,-0.0,116.0769231,411.5230769,334.5428571,298.6230769,71.41538462,0.0,0.962869739130434,1,1
82,2020-12-09,False,False,0.35,340,500,125,2cd,1,440.2846154,-0.0,440.2846154,516.0857143000001,-3515.631333009237,-3515.631333009237,-3034.19646344402,0.0,0.0,481.434869565217,14443.04608695651,-17611.384616,-17611.384616,-20643.428572000004,0.0,-3032.043956000005,0.06396811774912248,0.0,-0.0,154.0538462,391.0857143,268.7230769,247.4153846,71.88461538,0.0,0.962869739130434,1,1
83,2020-12-10,False,False,0.35,340,500,125,2cd,1,456.2307692,-0.0,456.2307692,479.5076923,-3505.7968427327296,-3505.7968427327296,-3024.3619731675126,0.0,0.0,481.434869565217,14443.04608695651,-18249.230768,-18249.230768,-19180.307692,0.0,-931.0769239999972,0.09464214516884084,0.0,-0.0,150.7538462,354.5076923,353.2692308,235.9,71.56153846,0.0,0.962869739130434,1,1
84,2020-12-11,False,False,0.35,340,500,125,2cd,1,423.1384615,-0.0,423.1384615,523.2153846,-3376.2128031794173,-3376.2128031794173,-2898.69908655412,0.0,0.0,477.5137166252971,14325.411498758913,-16925.53846,-16925.53846,-20928.615384,0.0,-4003.076924000001,0.047471204526893906,0.0,-0.0,148.0785714,398.2153846,276.7214286,276.7214286,58.94285714,0.0,0.9550274332505941,0,1
85,2020-12-12,False,False,0.35,340,500,125,2cd,1,384.0923077,-0.0,384.0923077,509.0923077,-3398.464036399788,-3398.464036399788,-2917.029166834571,0.0,0.0,481.434869565217,14443.04608695651,-15363.692308,-15363.692308,-20363.692307999998,0.0,-4999.999999999998,0.03311811780048224,0.0,-0.0,136.6538462,384.0923077,257.4,255.8692308,56.90769231,0.0,0.962869739130434,1,0
86,2020-12-13,False,False,0.35,340,500,125,2cd,1,166.9384615,-0.0,166.9384615,284.7,-1543.7650513135384,-1543.7650513135384,-1201.6085240860511,0.0,0.0,342.15652722748723,10264.695816824616,-6677.53846,-6677.53846,-11388.0,0.0,-4710.46154,-0.03702942945304932,0.0,-0.0,108.1384615,159.7,125.0153846,112.0230769,39.57692308,0.0,0.6843130544549745,0,0
87,2020-12-14,False,False,0.35,340,500,125,2cd,1,445.1153846,-0.0,445.1153846,495.9153846,-3600.899091624467,-3600.899091624467,-3119.4642220592496,0.0,0.0,481.43486956521747,14443.046086956525,-17804.615384,-17804.615384,-19836.615384,0.0,-2032.0,0.07880802498274497,0.0,-0.0,132.5384615,370.9153846,374.8307692,220.6846154,57.56923077,0.0,0.9628697391304349,1,1
88,2020-12-15,False,False,0.35,340,500,125,2cd,1,477.1285714,-0.0,477.1285714,557.4615385,-3501.356422623917,-3501.356422623917,-3030.2581776363522,0.0,0.0,471.0982449875646,14132.947349626938,-19085.142856,-19085.142856,-22298.461539999997,0.0,-3213.318683999998,0.057151650985785674,0.0,-0.0,74.49230769,432.4615385,350.3307692,269.5923077,49.98461538,0.0,0.9421964899751292,0,1
89,2020-12-16,False,False,0.35,340,500,125,2cd,1,487.2692308,-0.0,487.2692308,590.0,-3599.0923739625814,-3599.0923739625814,-3126.9711309362233,0.0,0.0,472.1212430263581,14163.637290790743,-19490.769232,-19490.769232,-23600.0,0.0,-4109.230768000001,0.043596691792386455,0.0,-0.0,196.0615385,487.2692308,354.0615385,277.7307692,59.51538462,0.0,0.9442424860527162,0,1
90,2020-12-17,False,False,0.35,340,500,125,2cd,1,472.6076923,-0.0,472.6076923,585.4153845999999,-3699.1035284611035,-3699.1035284611035,-3226.754405076125,0.0,0.0,472.3491233849786,14170.47370154936,-18904.307692,-18904.307692,-23416.615383999997,0.0,-4512.3076919999985,0.03724033137791949,0.0,-0.0,156.9461538,459.4153846,369.0615385,273.2142857,62.64615385,0.0,0.9446982467699572,0,1
91,2020-12-18,False,False,0.35,340,500,125,2cd,1,457.2615385,-0.0,457.2615385,504.0,-3420.4320665822866,-3420.4320665822866,-2955.2554419204544,0.0,0.0,465.1766246618322,13955.298739854967,-18290.46154,-18290.46154,-20160.0,0.0,-1869.5384599999998,0.07503117452791441,0.0,-0.0,142.1769231,379.0,320.8,262.4846154,47.93076923,0.0,0.9303532493236644,0,1
92,2020-12-19,False,False,0.35,340,500,125,2cd,1,334.7076923,-0.0,334.7076923,442.4076923,-2859.2380749835875,-2859.2380749835875,-2424.3262358009297,0.0,0.0,434.9118391826578,13047.355175479734,-13388.307692,-13388.307692,-17696.307692000002,0.0,-4308.000000000002,0.024518887235760234,0.0,-0.0,119.6923077,317.4076923,259.9461538,249.8153846,47.96153846,0.0,0.8698236783653156,0,0
93,2020-12-20,False,False,0.35,340,500,125,2cd,1,89.83076923,-0.0,89.83076923,202.97692308,-948.1343281289185,-948.1343281289185,-731.8149655690802,0.0,0.0,216.31936255983828,6489.5808767951485,-3593.2307692,-3593.2307692,-8119.0769232,0.0,-4525.846154000001,-0.16750945107150872,0.0,-0.0,60.52307692,82.1,52.07857143,52.07857143,47.96923077,0.0,0.43263872511967655,0,0
94,2020-12-21,False,False,0.35,340,500,125,2cd,1,474.7230769,-0.0,474.7230769,566.9384615,-3741.5097230415545,-3741.5097230415545,-3260.0748534763366,0.0,0.0,481.4348695652179,14443.046086956538,-18988.923076,-18988.923076,-22677.53846,0.0,-3688.6153840000006,0.05394673530148664,0.0,-0.0,144.7384615,441.9384615,377.8230769,264.9615385,59.76923077,0.0,0.9628697391304358,1,1
95,2020-12-22,False,False,0.35,340,500,125,2cd,1,448.5615385,-0.0,448.5615385,522.1692307999999,-3380.570305463793,-3380.570305463793,-2931.098901271321,0.0,0.0,449.4714041924717,13484.142125774151,-17942.46154,-17942.46154,-20886.769232,0.0,-2944.3076919999985,0.05268697433947844,0.0,-0.0,142.2461538,397.1692308,346.35,279.3,48.02857143,0.0,0.8989428083849434,0,1
96,2020-12-23,False,False,0.35,340,500,125,2cd,1,482.5615385,-0.0,482.5615385,590.0,-3505.6620130516403,-3505.6620130516403,-3031.8155120057872,0.0,0.0,473.8465010458531,14215.395031375592,-19302.46154,-19302.46154,-23600.0,0.0,-4297.53846,0.04130911856167141,0.0,-0.0,173.6769231,477.2692308,352.6384615,266.6692308,62.10769231,0.0,0.9476930020917061,0,1
97,2020-12-24,False,False,0.35,340,500,125,2cd,1,464.9769231,-0.0,464.9769231,558.3538462,-3631.948460050006,-3631.948460050006,-3150.513590484789,0.0,0.0,481.434869565217,14443.04608695651,-18599.076924,-18599.076924,-22334.153848,0.0,-3735.076924000001,0.053228305455510494,0.0,-0.0,160.7230769,432.8,355.5153846,264.0461538,68.13846154,0.0,0.962869739130434,1,1
98,2020-12-25,False,False,0.35,340,500,125,2cd,1,450.8,-0.0,450.8,537.8230768999999,-3594.6461632255086,-3594.6461632255086,-3113.2112936602916,0.0,0.0,481.434869565217,14443.04608695651,-18032.0,-18032.0,-21512.923076,0.0,-3480.923075999999,0.057142838103910076,0.0,-0.0,154.1214286,412.8230769,345.0,294.7615385,68.47692308,0.0,0.962869739130434,1,1
99,2020-12-26,False,False,0.35,340,500,125,2cd,1,428.9076923,-0.0,428.9076923,516.0923077,-3293.89749328289,-3293.89749328289,-2839.6984955154185,0.0,0.0,454.1989977674716,13625.96993302415,-17156.307692000002,-17156.307692000002,-20643.692307999998,0.0,-3487.3846159999957,0.04610867878065639,0.0,-0.0,81.55384615,391.0923077,327.8307692,300.5846154,69.5,0.0,0.9083979955349433,0,0
100,2020-12-27,False,False,0.35,340,500,125,2cd,1,113.4076923,-0.0,113.4076923,196.93076923,-880.0675285996284,-880.0675285996284,-652.726778009247,0.0,0.0,227.3407505903814,6820.2225177114415,-4536.307691999999,-4536.307691999999,-7877.2307692,0.0,-3340.923077200001,-0.09064986832111432,0.0,-0.0,70.59230769,61.40769231,40.33076923,40.33076923,36.02307692,0.0,0.4546815011807628,0,0
101,2020-12-28,False,False,0.35,340,500,125,2cd,1,399.0692308,-0.0,399.0692308,513.0538462,-3361.973806629937,-3361.973806629937,-2880.5389370647194,0.0,0.0,481.43486956521747,14443.046086956525,-15962.769232,-15962.769232,-20522.153847999998,0.0,-4559.384615999998,0.040256957943834326,0.0,-0.0,134.9615385,388.0538462,271.3846154,265.5461538,68.00769231,0.0,0.9628697391304349,1,1
102,2020-12-29,False,False,0.35,340,500,125,2cd,1,414.0571429,-0.0,414.0571429,539.0571428999999,-3626.983436378464,-3626.983436378464,-3145.5485668132465,0.0,0.0,481.43486956521747,14443.046086956525,-16562.285716,-16562.285716,-21562.285716,0.0,-5000.0,0.03311811780048246,0.0,-0.0,136.5692308,414.0571429,269.8230769,269.8230769,73.4,0.0,0.9628697391304349,1,1
103,2020-12-30,False,False,0.35,340,500,125,2cd,1,507.5923077,-0.0,507.5923077,507.7,-3853.29427658595,-3853.29427658595,-3371.8594070207328,0.0,0.0,481.434869565217,14443.04608695651,-20303.692307999998,-20303.692307999998,-20308.0,0.0,-4.307692000002135,0.10762743445969769,0.0,-0.0,287.2153846,382.7,387.1153846,273.6769231,87.86923077,0.0,0.962869739130434,1,1
104,2020-12-31,False,False,0.35,340,500,125,2cd,1,465.6923077,-0.0,465.6923077,475.2692308,-3223.8541711290677,-3223.8541711290677,-2794.2272611778426,0.0,0.0,429.6269099512251,12888.807298536754,-18627.692308,-18627.692308,-19010.769232,0.0,-383.07692399999723,0.08332390586949745,0.0,-0.0,204.3769231,348.2076923,373.9769231,215.0615385,56.63076923,0.0,0.8592538199024502,0,1
105,2021-01-01,False,False,0.35,340,500,125,2cd,1,66.72307692,-0.0,66.72307692,191.72307691999998,-663.4613713780825,-663.4613713780825,-572.3593316866893,0.0,0.0,91.1020396913932,2733.061190741796,-2668.9230767999998,-2668.9230767999998,-7668.9230768,0.0,-5000.0,,0.0,-0.0,66.72307692,51.13846154,35.5,35.11428571,35.19230769,0.0,0.1822040793827864,0,1
106,2021-01-02,False,False,0.35,340,500,125,2cd,1,366.1307692,-0.0,366.1307692,491.1307692,-2686.9306564877065,-2686.9306564877065,-2239.5307842342277,0.0,0.0,447.39987225347886,13421.996167604366,-14645.230768,-14645.230768,-19645.230767999998,0.0,-4999.999999999998,0.018005130658069746,0.0,-0.0,216.1,366.1307692,262.5,191.8153846,56.18461538,0.0,0.8947997445069578,0,0
107,2021-01-03,False,False,0.35,340,500,125,2cd,1,476.5538462,-0.0,476.5538462,481.3142857,-3879.5130252115646,-3879.5130252115646,-3398.0781556463476,0.0,0.0,481.434869565217,14443.04608695651,-19062.153848,-19062.153848,-19252.571428000003,0.0,-190.41758000000118,0.10504256754500152,0.0,-0.0,174.3692308,348.0538462,363.5538462,269.4230769,146.3076923,0.0,0.962869739130434,1,0
108,2021-01-04,False,False,0.35,340,500,125,2cd,1,471.4615385,-0.0,471.4615385,547.0428571,-4003.1197496662544,-4003.1197496662544,-3521.6848801010374,0.0,0.0,481.434869565217,14443.04608695651,-18858.46154,-18858.46154,-21881.714284,0.0,-3023.2527440000013,0.06410071135568218,0.0,-0.0,152.4153846,422.0428571,328.5,280.2384615,147.4,0.0,0.962869739130434,1,1
109,2021-01-05,False,False,0.35,340,500,125,2cd,1,449.2076923,-0.0,449.2076923,484.9846154,-3976.972134567817,-3976.972134567817,-3495.5372650026,0.0,0.0,481.434869565217,14443.04608695651,-17968.307692000002,-17968.307692000002,-19399.384616,0.0,-1431.0769239999972,0.08751028539894734,0.0,-0.0,162.2692308,359.9846154,380.6923077,213.8846154,147.0230769,0.0,0.962869739130434,1,1
110,2021-01-06,False,False,0.35,340,500,125,2cd,1,482.5538462,-0.0,482.5538462,542.8857143,-4084.7404413411277,-4084.7404413411277,-3603.3055717759103,0.0,0.0,481.43486956521747,14443.046086956525,-19302.153848,-19302.153848,-21715.428572,0.0,-2413.274723999999,0.07320599081458945,0.0,-0.0,166.1923077,411.7461538,340.3769231,289.5230769,145.6769231,0.0,0.9628697391304349,1,1
111,2021-01-07,False,False,0.35,340,500,125,2cd,1,500.5615385,-0.0,500.5615385,568.3461538,-4230.030202505019,-4230.030202505019,-3748.595332939801,0.0,0.0,481.43486956521747,14443.046086956525,-20022.46154,-20022.46154,-22733.846152000002,0.0,-2711.3846120000017,0.0687789174751543,0.0,-0.0,165.3538462,434.6923077,351.1846154,296.5153846,127.6384615,0.0,0.9628697391304349,1,1
112,2021-01-08,False,False,0.35,340,500,125,2cd,1,471.0230769,-0.0,471.0230769,544.5923077,-4308.95540979865,-4308.95540979865,-3827.5205402334327,0.0,0.0,481.43486956521747,14443.046086956525,-18840.923076,-18840.923076,-21783.692307999998,0.0,-2942.7692319999987,0.06531274348041904,0.0,-0.0,221.3307692,398.9230769,365.4384615,242.8428571,119.1153846,0.0,0.9628697391304349,1,1
113,2021-01-09,False,False,0.35,340,500,125,2cd,1,470.5692308,-0.0,470.5692308,545.1307692,-4217.096711047677,-4217.096711047677,-3735.661841482459,0.0,0.0,481.4348695652179,14443.046086956538,-18822.769232,-18822.769232,-21805.230768,0.0,-2982.4615360000025,0.06471542009156006,0.0,-0.0,135.1071429,371.4384615,347.7923077,288.3461538,144.4615385,0.0,0.9628697391304358,1,0
114,2021-01-10,False,False,0.35,340,500,125,2cd,1,454.1538462,-0.0,454.1538462,527.9307692,-4009.752294196889,-4009.752294196889,-3528.317424631673,0.0,0.0,481.4348695652161,14443.046086956483,-18166.153847999998,-18166.153847999998,-21117.230768,0.0,-2951.076920000003,0.06518778941656822,0.0,-0.0,213.6714286,375.1923077,369.7384615,284.1230769,136.4307692,0.0,0.9628697391304322,1,0
115,2021-01-11,False,False,0.35,340,500,125,2cd,1,443.1461538,-0.0,443.1461538,524.4615385,-4032.293659577708,-4032.293659577708,-3550.8587900124903,0.0,0.0,481.43486956521747,14443.046086956525,-17725.846152,-17725.846152,-20978.461539999997,0.0,-3252.6153879999983,0.06062798194132779,0.0,-0.0,168.0307692,400.2461538,327.6307692,267.2307692,85.15384615,0.0,0.9628697391304349,1,1
116,2021-01-12,False,False,0.35,340,500,125,2cd,1,459.2307692,-0.0,459.2307692,573.3461538,-4116.135300927939,-4116.135300927939,-3634.7004313627212,0.0,0.0,481.4348695652179,14443.046086956538,-18369.230768,-18369.230768,-22933.846152000002,0.0,-4564.615384000001,0.04017320341113417,0.0,-0.0,168.6230769,448.3461538,327.2538462,301.2923077,165.1,0.0,0.9628697391304358,1,1
117,2021-01-13,False,False,0.35,340,500,125,2cd,1,416.9769231,-0.0,416.9769231,512.1230769,-4071.706882619178,-4071.706882619178,-3590.272013053962,0.0,0.0,481.4348695652161,14443.046086956483,-16679.076924,-16679.076924,-20484.923076,0.0,-3805.8461519999983,0.05213153350356836,0.0,-0.0,204.8,387.1230769,351.2007166,349.4809713,151.8230769,0.0,0.9628697391304322,1,1
118,2021-01-14,False,False,0.35,340,500,125,2cd,1,470.2384615,-0.0,470.2384615,567.2615384999999,-4143.69794827839,-4143.69794827839,-3662.263078713173,0.0,0.0,481.434869565217,14443.04608695651,-18809.53846,-18809.53846,-22690.461539999997,0.0,-3880.923079999997,0.05096469392045311,0.0,-0.0,198.3076923,442.2615385,358.8071429,266.1307692,128.6615385,0.0,0.962869739130434,1,1
119,2021-01-15,False,False,0.35,340,500,125,2cd,1,468.3230769,-0.0,468.3230769,501.6384615,-3883.464259082037,-3883.464259082037,-3402.02938951682,0.0,0.0,481.434869565217,14443.04608695651,-18732.923076,-18732.923076,-20065.53846,0.0,-1332.6153840000006,0.08892222756587187,0.0,-0.0,217.1230769,376.6384615,329.7461538,1.954887218,140.0153846,0.0,0.962869739130434,1,1
120,2021-01-16,False,False,0.35,340,500,125,2cd,1,431.1461538,-0.0,431.1461538,481.8384615,-4108.361867768157,-4108.361867768157,-3626.9269982029405,0.0,0.0,481.43486956521656,14443.046086956496,-17245.846152,-17245.846152,-19273.53846,0.0,-2027.6923080000015,0.07887094757856761,0.0,-0.0,260.0538462,355.65,370.3769231,258.8615385,143.25,0.0,0.9628697391304332,1,0
121,2021-01-17,False,False,0.35,340,500,125,2cd,1,440.1076923,-0.0,440.1076923,486.8,-3914.446813227719,-3914.446813227719,-3433.011943662502,0.0,0.0,481.434869565217,14443.04608695651,-17604.307692,-17604.307692,-19472.0,0.0,-1867.6923080000015,0.08120240163137549,0.0,-0.0,207.2,361.8,336.8142857,244.5461538,145.5461538,0.0,0.962869739130434,1,0
122,2021-01-18,False,False,0.35,340,500,125,2cd,1,415.9571429,-0.0,415.9571429,526.4769231,-4006.643616857326,-4006.643616857326,-3525.2087472921085,0.0,0.0,481.43486956521747,14443.046086956525,-16638.285716,-16638.285716,-21059.076924,0.0,-4420.791208000002,0.04246916431853354,0.0,-0.0,147.4307692,401.4769231,340.2769231,286.0230769,140.9076923,0.0,0.9628697391304349,1,1
123,2021-01-19,False,False,0.35,340,500,125,2cd,1,474.3,-0.0,474.3,526.5153846000001,-4207.880191031072,-4207.880191031072,-3726.4453214658547,0.0,0.0,481.43486956521747,14443.046086956525,-18972.0,-18972.0,-21060.615384000004,0.0,-2088.6153840000043,0.07798028860124195,0.0,-0.0,175.8615385,395.5384615,362.2846154,272.3428571,155.3307692,0.0,0.9628697391304349,1,1
124,2021-01-20,False,False,0.35,340,500,125,2cd,1,444.6230769,-0.0,444.6230769,569.6230769,-3812.6640979283948,-3812.6640979283948,-3331.2292283631778,0.0,0.0,481.434869565217,14443.04608695651,-17784.923076,-17784.923076,-22784.923076,0.0,-5000.0,0.033118117800482016,0.0,-0.0,168.1384615,444.6230769,303.35,297.5538462,91.65,0.0,0.962869739130434,1,1
125,2021-01-21,False,False,0.35,340,500,125,2cd,1,435.9384615,-0.0,435.9384615,560.9384615,-4306.915837455132,-4306.915837455132,-3825.4809678899137,0.0,0.0,481.4348695652179,14443.046086956538,-17437.53846,-17437.53846,-22437.53846,0.0,-5000.0,0.03311811780048246,0.0,-0.0,166.8,431.9615385,321.8769231,280.2461538,156.9615385,0.0,0.9628697391304358,1,1
126,2021-01-22,False,False,0.35,340,500,125,2cd,1,396.5230769,-0.0,396.5230769,486.4461538,-4172.357646147279,-4172.357646147279,-3690.922776582062,0.0,0.0,481.43486956521747,14443.046086956525,-15860.923076,-15860.923076,-19457.846152,0.0,-3596.923075999999,0.055360835367225025,0.0,-0.0,173.6769231,387.4384615,277.3153846,211.9615385,156.4538462,0.0,0.9628697391304349,1,1
127,2021-01-23,False,False,0.35,340,500,125,2cd,1,397.3923077,-0.0,397.3923077,503.2846154,-3856.3017463333804,-3856.3017463333804,-3374.8668767681625,0.0,0.0,481.4348695652179,14443.046086956538,-15895.692308,-15895.692308,-20131.384616,0.0,-4235.692308,0.04540329255874154,0.0,-0.0,170.1384615,397.3923077,276.3857143,248.2,150.6142857,0.0,0.9628697391304358,1,0
128,2021-01-24,False,False,0.35,340,500,125,2cd,1,428.0461538,-0.0,428.0461538,536.9461538,-3814.274182726725,-3814.274182726725,-3332.839313161508,0.0,0.0,481.434869565217,14443.04608695651,-17121.846152000002,-17121.846152000002,-21477.846152000002,0.0,-4356.0,0.04349883009279232,0.0,-0.0,199.4692308,411.9461538,279.9846154,248.1769231,154.8,0.0,0.962869739130434,1,0
129,2021-01-25,False,False,0.35,340,500,125,2cd,1,468.7230769,-0.0,468.7230769,537.1076923,-4066.818634207031,-4066.818634207031,-3585.3837646418137,0.0,0.0,481.43486956521747,14443.046086956525,-18748.923076,-18748.923076,-21484.307692000002,0.0,-2735.384616000003,0.06842063668880316,0.0,-0.0,171.6,412.1076923,329.5307692,312.1384615,151.3,0.0,0.9628697391304349,1,1
130,2021-01-26,False,False,0.35,340,500,125,2cd,1,456.3538462,-0.0,456.3538462,547.6461538,-4204.5432171755165,-4204.5432171755165,-3723.1083476102995,0.0,0.0,481.434869565217,14443.04608695651,-18254.153848,-18254.153848,-21905.846152,0.0,-3651.6923039999965,0.05451676360947166,0.0,-0.0,180.8307692,422.6461538,386.8076923,292.6461538,158.5769231,0.0,0.962869739130434,1,1
131,2021-01-27,False,False,0.35,340,500,125,2cd,1,460.0,-0.0,460.0,585.0,-4237.475725126087,-4237.475725126087,-3756.04085556087,0.0,0.0,481.434869565217,14443.04608695651,-18400.0,-18400.0,-23400.0,0.0,-5000.0,0.033118117800482016,0.0,-0.0,287.9769231,460.0,312.6538462,280.4538462,216.5538462,0.0,0.962869739130434,1,1
132,2021-01-28,False,False,0.35,340,500,125,2cd,1,494.4692308,-0.0,494.4692308,590.0,-4342.273160535248,-4342.273160535248,-3860.8382909700313,0.0,0.0,481.434869565217,14443.04608695651,-19778.769232,-19778.769232,-23600.0,0.0,-3821.2307680000013,0.05189270598916118,0.0,-0.0,184.1615385,494.4692308,354.8769231,307.1461538,167.3923077,0.0,0.962869739130434,1,1
133,2021-01-29,False,False,0.35,340,500,125,2cd,1,434.1538462,-0.0,434.1538462,538.2153846,-2916.6961547760684,-2916.6961547760684,-2570.2754696746442,0.0,0.0,346.42068510142417,10392.620553042725,-17366.153847999998,-17366.153847999998,-21528.615384,0.0,-4162.4615360000025,-0.01909149421843548,0.0,-0.0,161.4692308,413.2153846,284.4769231,271.8307692,58.56923077,0.0,0.6928413702028483,0,1
134,2021-01-30,False,False,0.35,340,500,125,2cd,1,356.1538462,-0.0,356.1538462,469.0076923,-2610.5521125812193,-2610.5521125812193,-2129.1172430160022,0.0,0.0,481.434869565217,14443.04608695651,-14246.153847999998,-14246.153847999998,-18760.307692,0.0,-4514.153844,0.040980389091510805,0.0,-0.0,114.3692308,344.0076923,149.5384615,149.5384615,82.94615385,0.0,0.962869739130434,1,0
135,2021-01-31,False,False,0.35,340,500,125,2cd,1,452.8857143,-0.0,452.8857143,577.8857143,-3217.6132435165555,-3217.6132435165555,-2736.1783739513385,0.0,0.0,481.434869565217,14443.04608695651,-18115.428572,-18115.428572,-23115.428572,0.0,-5000.0,0.033118117800482016,0.0,-0.0,93.97692308,452.8857143,295.0769231,216.9307692,80.81538462,0.0,0.962869739130434,1,0
136,2021-02-01,False,False,0.35,340,500,125,2cd,1,484.8615385,-0.0,484.8615385,575.1384615,-4089.733337960327,-4089.733337960327,-3608.2984683951095,0.0,0.0,481.43486956521747,14443.046086956525,-19394.46154,-19394.46154,-23005.538459999996,0.0,-3611.076919999996,0.055142871934773297,0.0,-0.0,154.8,450.1384615,321.0307692,306.75,156.9923077,0.0,0.9628697391304349,1,1
137,2021-02-02,False,False,0.35,340,500,125,2cd,1,458.7230769,-0.0,458.7230769,562.4461538,-4366.991024839239,-4366.991024839239,-3885.556155274021,0.0,0.0,481.4348695652179,14443.046086956538,-18348.923076,-18348.923076,-22497.846152000002,0.0,-4148.923076000003,0.04677092191903043,0.0,-0.0,197.8,437.4461538,355.4461538,295.7923077,158.2153846,0.0,0.9628697391304358,1,1
138,2021-02-03,False,False,0.35,340,500,125,2cd,1,456.8,-0.0,456.8,492.7153846,-4128.5898226106165,-4128.5898226106165,-3647.1549530453995,0.0,0.0,481.434869565217,14443.04608695651,-18272.0,-18272.0,-19708.615384,0.0,-1436.6153840000006,0.08743075108140053,0.0,-0.0,171.1846154,367.7153846,342.0,238.1538462,151.8923077,0.0,0.962869739130434,1,1
139,2021-02-04,False,False,0.35,340,500,125,2cd,1,453.2923077,-0.0,453.2923077,570.3538462,-4279.531574965578,-4279.531574965578,-3798.0967054003613,0.0,0.0,481.434869565217,14443.04608695651,-18131.692307999998,-18131.692307999998,-22814.153848,0.0,-4682.461540000004,0.03828112304926923,0.0,-0.0,174.4615385,445.3538462,315.7846154,278.7230769,155.0142857,0.0,0.962869739130434,1,1
140,2021-02-05,False,False,0.35,340,500,125,2cd,1,461.5153846,-0.0,461.5153846,574.3923077,-4015.7647501951,-4015.7647501951,-3534.3298806298817,0.0,0.0,481.4348695652184,14443.04608695655,-18460.615384,-18460.615384,-22975.692307999998,0.0,-4515.076923999997,0.04096563941905518,0.0,-0.0,166.3846154,443.8692308,335.5230769,282.9230769,88.90769231,0.0,0.9628697391304367,1,1
141,2021-02-06,False,False,0.35,340,500,125,2cd,1,414.5076923,-0.0,414.5076923,533.8923077,-3525.4838109178104,-3525.4838109178104,-3044.0489413525934,0.0,0.0,481.434869565217,14443.04608695651,-16580.307692,-16580.307692,-21355.692307999998,0.0,-4775.384615999999,0.036782150726859086,0.0,-0.0,171.1461538,408.8923077,333.8538462,296.2538462,68.7,0.0,0.962869739130434,1,0
142,2021-02-07,False,False,0.35,340,500,125,2cd,1,461.9285714,-0.0,461.9285714,501.6307692,-3557.3089341082123,-3557.3089341082123,-3078.1712975252904,0.0,0.0,479.1376365829219,14374.129097487657,-18477.142856,-18477.142856,-20065.230767999998,0.0,-1588.087911999999,0.08439425552105329,0.0,-0.0,116.4307692,376.6307692,335.7846154,288.5230769,78.39230769,0.0,0.9582752731658438,0,0
143,2021-02-08,False,False,0.35,340,500,125,2cd,1,446.1769231,-0.0,446.1769231,542.1714286,-3801.617249570124,-3801.617249570124,-3320.182380004906,0.0,0.0,481.4348695652179,14443.046086956538,-17847.076924,-17847.076924,-21686.857144,0.0,-3839.7802200000006,0.0516045575436781,0.0,-0.0,125.4692308,417.1714286,285.2285714,253.1692308,88.53846154,0.0,0.9628697391304358,1,1
144,2021-02-09,False,False,0.35,340,500,125,2cd,1,426.0076923,-0.0,426.0076923,500.4714286,-3538.0608219811243,-3538.0608219811243,-3056.625952415907,0.0,0.0,481.43486956521747,14443.046086956525,-17040.307692,-17040.307692,-20018.857144,0.0,-2978.549452000003,0.06477432850372145,0.0,-0.0,170.3692308,375.4714286,287.3615385,244.5384615,81.49230769,0.0,0.9628697391304349,1,1
145,2021-02-10,False,False,0.35,340,500,125,2cd,1,425.9714286,-0.0,425.9714286,502.8769231,-2544.9589038266895,-2544.9589038266895,-2258.2454761012605,0.0,0.0,286.713427725429,8601.40283176287,-17038.857144,-17038.857144,-20115.076924,0.0,-3076.2197799999994,-0.031223436373981395,0.0,-0.0,86.87692308,358.5846154,334.4230769,254.9571429,36.69230769,0.0,0.573426855450858,0,1
146,2021-02-11,False,False,0.35,340,500,125,2cd,1,47.0,-0.0,47.0,171.67692308,-525.0156667375663,-525.0156667375663,-480.882857863608,0.0,0.0,44.13280887395831,1323.9842662187493,-1880.0,-1880.0,-6867.0769232,0.0,-4987.0769232,,0.0,-0.0,44.60769231,45.32857143,28.8,28.8,27.61538462,0.0,0.08826561774791662,0,1
147,2021-02-12,False,False,0.35,340,500,125,2cd,1,47.64615385,-0.0,47.64615385,169.46153845999999,-535.6094723016433,-535.6094723016433,-484.3186764047257,0.0,0.0,51.29079589691764,1538.7238769075293,-1905.8461539999998,-1905.8461539999998,-6778.461538399999,0.0,-4872.615384399999,,0.0,-0.0,43.2,45.23846154,30.53076923,30.53076923,26.65384615,0.0,0.10258159179383529,0,1
148,2021-02-13,False,False,0.35,340,500,125,2cd,1,47.06923077,-0.0,47.06923077,168.11538462,-504.0081747786952,-504.0081747786952,-462.85390213839287,0.0,0.0,41.15427264030234,1234.6281792090701,-1882.7692307999998,-1882.7692307999998,-6724.615384799999,0.0,-4841.846154,,0.0,-0.0,43.11538462,47.06923077,26.95384615,26.95384615,27.59230769,0.0,0.08230854528060468,0,0
149,2021-02-14,False,False,0.35,340,500,125,2cd,1,318.8384615,-0.0,318.8384615,388.7384615,-2281.042085096512,-2281.042085096512,-1902.084017236202,0.0,0.0,378.95806786030994,11368.742035809299,-12753.53846,-12753.53846,-15549.538460000002,0.0,-2796.000000000002,0.025664323596666705,0.0,-0.0,109.8846154,263.7384615,243.2307692,125.7076923,67.33846154,0.0,0.7579161357206199,0,0
150,2021-02-15,False,False,0.35,340,500,125,2cd,1,398.8384615,-0.0,398.8384615,497.9384615,-3494.560046934648,-3494.560046934648,-3017.2069362165794,0.0,0.0,477.3531107180688,14320.593321542065,-15953.53846,-15953.53846,-19917.53846,0.0,-3964.0,0.04801935172515326,0.0,-0.0,102.7384615,363.4076923,350.7384615,280.0076923,72.7,0.0,0.9547062214361376,0,1
151,2021-02-27,False,False,0.35,340,500,125,2cd,1,410.6153846,-0.0,410.6153846,535.6153846,-3230.6822579604905,-3230.6822579604905,-2761.2503821576743,0.0,0.0,469.4318758028162,14082.956274084485,-16424.615384,-16424.615384,-21424.615383999997,0.0,-4999.999999999996,0.02794484881560777,0.0,-0.0,155.2538462,410.6153846,264.9923077,222.4153846,75.56153846,0.0,0.9388637516056324,0,0
152,2021-02-28,False,False,0.35,340,500,125,2cd,1,302.4692308,-0.0,302.4692308,427.4692308,-2159.937536997815,-2159.937536997815,-1855.1275619117093,0.0,0.0,304.80997508610585,9144.299252583176,-12098.769231999999,-12098.769231999999,-17098.769232,0.0,-5000.0,-0.07765176896904746,0.0,-0.0,112.3142857,302.4692308,199.7,195.4769231,49.53846154,0.0,0.6096199501722117,0,0
153,2021-03-01,False,False,0.35,340,500,125,2cd,1,444.0538462,-0.0,444.0538462,569.0538462,-3655.8366072008816,-3655.8366072008816,-3174.4017376356646,0.0,0.0,481.434869565217,14443.04608695651,-17762.153848,-17762.153848,-22762.153847999998,0.0,-4999.999999999996,0.033118117800482016,0.0,-0.0,79.41538462,444.0538462,264.05,239.4714286,93.37692308,0.0,0.962869739130434,1,1
154,2021-03-02,False,False,0.35,340,500,125,2cd,1,430.3538462,-0.0,430.3538462,525.3769231,-3835.507553197834,-3835.507553197834,-3354.072683632617,0.0,0.0,481.434869565217,14443.04608695651,-17214.153848,-17214.153848,-21015.076924,0.0,-3800.923075999999,0.05220792808038888,0.0,-0.0,163.7538462,400.3769231,320.0307692,211.4307692,78.53846154,0.0,0.962869739130434,1,1
155,2021-03-03,False,False,0.35,340,500,125,2cd,1,431.4692308,-0.0,431.4692308,556.4692308,-3978.702378096928,-3978.702378096928,-3497.2675085317114,0.0,0.0,481.43486956521656,14443.046086956496,-17258.769232,-17258.769232,-22258.769232,0.0,-5000.0,0.033118117800482016,0.0,-0.0,151.1692308,431.4692308,337.8692308,233.4,86.80769231,0.0,0.9628697391304332,1,1
156,2021-03-04,False,False,0.35,340,500,125,2cd,1,401.5538462,-0.0,401.5538462,526.5538462,-3505.202343241128,-3505.202343241128,-3023.767473675911,0.0,0.0,481.434869565217,14443.04608695651,-16062.153848,-16062.153848,-21062.153847999998,0.0,-4999.999999999998,0.03311811780048224,0.0,-0.0,160.0615385,401.5538462,335.8,233.5384615,88.45384615,0.0,0.962869739130434,1,1
157,2021-03-05,False,False,0.35,340,500,125,2cd,1,414.7230769,-0.0,414.7230769,539.7230769,-3643.9722489540904,-3643.9722489540904,-3162.537379388873,0.0,0.0,481.43486956521747,14443.046086956525,-16588.923076,-16588.923076,-21588.923076,0.0,-5000.0,0.03311811780048246,0.0,-0.0,163.3615385,414.7230769,278.9,253.4076923,81.02307692,0.0,0.9628697391304349,1,1
158,2021-03-06,False,False,0.35,340,500,125,2cd,1,402.7153846,-0.0,402.7153846,458.6461538,-3188.5177402634836,-3188.5177402634836,-2707.082870698266,0.0,0.0,481.43486956521747,14443.046086956525,-16108.615384,-16108.615384,-18345.846152,0.0,-2237.2307679999976,0.07580073412302513,0.0,-0.0,148.4,333.6461538,268.0307692,219.0142857,83.54615385,0.0,0.9628697391304349,1,0
159,2021-03-07,False,False,0.35,340,500,125,2cd,1,156.8,-0.0,156.8,272.6615385,-1256.414940514659,-1256.414940514659,-941.8546946415945,0.0,0.0,314.56024587306456,9436.807376191937,-6272.0,-6272.0,-10906.46154,0.0,-4634.46154,-0.05652561369089126,0.0,-0.0,70.55384615,90.11538462,70.13076923,70.13076923,81.00309107,0.0,0.6291204917461292,0,0
160,2021-03-08,False,False,0.35,340,500,125,2cd,1,164.505387,-0.0,164.505387,268.1064699,-2079.594773966466,-2079.594773966466,-1598.1599044012485,0.0,0.0,481.4348695652177,14443.04608695653,-6580.215480000001,-6580.215480000001,-10724.258795999998,0.0,-4144.0433159999975,0.046847689854931485,0.0,-0.0,119.8467775,147.7584084,122.8705375,122.8705375,147.9910054,0.0,0.9628697391304354,1,1
161,2021-03-09,False,False,0.35,340,500,125,2cd,1,231.4933013,-0.0,231.4933013,335.09438420000004,-3098.025432357578,-3098.025432357578,-2616.590562792361,0.0,0.0,481.434869565217,14443.04608695651,-9259.732052000001,-9259.732052000001,-13403.775368000002,0.0,-4144.043316000001,0.046847689854931485,0.0,-0.0,186.8346918,214.7463227,189.8584518,189.8584518,214.9789196,0.0,0.962869739130434,1,1
162,2021-03-10,False,False,0.35,340,500,125,2cd,1,295.3,-0.0,295.3,402.0822985,-3597.012464126481,-3597.012464126481,-3115.577594561263,0.0,0.0,481.4348695652179,14443.046086956538,-11812.0,-11812.0,-16083.29194,0.0,-4271.291939999999,0.044840754846960706,0.0,-0.0,253.822606,295.3,256.8463661,256.8463661,141.6615385,0.0,0.9628697391304358,1,1
163,2021-03-11,False,False,0.35,340,500,125,2cd,1,441.4923077,-0.0,441.4923077,548.9384615,-4031.710611756477,-4031.710611756477,-3550.2757421912606,0.0,0.0,481.43486956521656,14443.046086956496,-17659.692308,-17659.692308,-21957.53846,0.0,-4297.846151999998,0.04442060465574782,0.0,-0.0,159.8307692,415.3384615,322.5153846,302.1461538,162.1384615,0.0,0.9628697391304332,1,1
164,2021-03-12,False,False,0.35,340,500,125,2cd,1,446.0769231,-0.0,446.0769231,525.1153846,-3609.8250902664386,-3609.8250902664386,-3128.390220701221,0.0,0.0,481.43486956521747,14443.046086956525,-17843.076924,-17843.076924,-21004.615383999997,0.0,-3161.538459999996,0.06201031133637169,0.0,-0.0,173.2692308,400.1153846,295.6384615,230.2230769,83.64615385,0.0,0.9628697391304349,1,1
165,2021-03-13,False,False,0.35,340,500,125,2cd,1,336.5153846,-0.0,336.5153846,461.5153846,-2928.070675827484,-2928.070675827484,-2446.6358062622667,0.0,0.0,481.43486956521747,14443.046086956525,-13460.615384,-13460.615384,-18460.615384,0.0,-5000.0,0.03311811780048246,0.0,-0.0,112.5846154,336.5153846,232.3307692,200.5428571,61.50769231,0.0,0.9628697391304349,1,0
166,2021-03-14,False,False,0.35,340,500,125,2cd,1,233.2846154,-0.0,233.2846154,358.2846154,-1780.8702463132022,-1780.8702463132022,-1479.9473194910215,0.0,0.0,300.92292682218067,9027.68780466542,-9331.384616,-9331.384616,-14331.384616,0.0,-5000.0,-0.08135520336039026,0.0,-0.0,71.51538462,233.2846154,147.0846154,147.0846154,39.96923077,0.0,0.6018458536443614,0,0
167,2021-03-15,False,False,0.35,340,500,125,2cd,1,362.0461538,-0.0,362.0461538,481.0769231,-3829.3397285794968,-3829.3397285794968,-3347.90485901428,0.0,0.0,481.43486956521656,14443.046086956496,-14481.846152,-14481.846152,-19243.076924,0.0,-4761.230772000001,0.037010877508615314,0.0,-0.0,154.6769231,356.0769231,261.5769231,189.2307692,255.4157357,0.0,0.9628697391304332,1,1
168,2021-03-16,False,False,0.35,340,500,125,2cd,1,404.0615385,-0.0,404.0615385,529.0615385,-4018.7254078227006,-4018.7254078227006,-3537.2905382574836,0.0,0.0,481.434869565217,14443.04608695651,-16162.46154,-16162.46154,-21162.46154,0.0,-5000.0,0.033118117800482016,0.0,-0.0,326.2720884,404.0615385,331.7878524,247.1538462,83.1,0.0,0.962869739130434,1,1
169,2021-03-17,False,False,0.35,340,500,125,2cd,1,442.1769231,-0.0,442.1769231,567.1769231000001,-3524.688684528691,-3524.688684528691,-3043.253814963473,0.0,0.0,481.4348695652179,14443.046086956538,-17687.076924,-17687.076924,-22687.076924,0.0,-5000.0,0.03311811780048246,0.0,-0.0,111.7846154,442.1769231,288.7692308,263.1230769,83.0,0.0,0.9628697391304358,1,1
170,2021-03-18,False,False,0.35,340,500,125,2cd,1,416.1923077,-0.0,416.1923077,522.8230768999999,-3544.334102188119,-3544.334102188119,-3062.8992326229018,0.0,0.0,481.434869565217,14443.04608695651,-16647.692308,-16647.692308,-20912.923076,0.0,-4265.230767999998,0.0449365913075741,0.0,-0.0,103.1714286,397.8230769,291.6615385,277.8769231,74.63846154,0.0,0.962869739130434,1,1
171,2021-03-19,False,False,0.35,340,500,125,2cd,1,448.9,-0.0,448.9,573.9,-3640.755777691382,-3640.755777691382,-3159.3209081261643,0.0,0.0,481.43486956521747,14443.046086956525,-17956.0,-17956.0,-22956.0,0.0,-5000.0,0.03311811780048246,0.0,-0.0,151.2538462,448.9,289.4307692,218.5846154,75.94615385,0.0,0.9628697391304349,1,1
172,2021-03-20,False,False,0.35,340,500,125,2cd,1,340.9307692,-0.0,340.9307692,463.9538462,-2960.709272449112,-2960.709272449112,-2489.489317560421,0.0,0.0,471.21995488869106,14136.598646660732,-13637.230768,-13637.230768,-18558.153847999998,0.0,-4920.923079999999,0.030046349394341476,0.0,-0.0,90.63076923,338.9538462,259.2230769,259.2230769,72.95384615,0.0,0.9424399097773821,0,0
173,2021-03-21,False,False,0.35,340,500,125,2cd,1,383.2285714,-0.0,383.2285714,474.5538462,-3055.4523217849646,-3055.4523217849646,-2599.4756677294295,0.0,0.0,455.97665405553516,13679.299621666054,-15329.142856,-15329.142856,-18982.153848,0.0,-3653.0109920000014,0.04421735009236483,0.0,-0.0,166.5230769,349.5538462,263.6923077,218.5230769,68.13846154,0.0,0.9119533081110703,0,0
174,2021-03-22,False,False,0.35,340,500,125,2cd,1,421.9769231,-0.0,421.9769231,546.9769231,-3494.863223331644,-3494.863223331644,-3013.428353766427,0.0,0.0,481.434869565217,14443.04608695651,-16879.076924,-16879.076924,-21879.076924,0.0,-5000.0,0.033118117800482016,0.0,-0.0,156.3307692,421.9769231,263.4307692,263.4307692,71.79230769,0.0,0.962869739130434,1,1
175,2021-03-23,False,False,0.35,340,500,125,2cd,1,424.0714286,-0.0,424.0714286,549.0714286,-3468.116444284513,-3468.116444284513,-2986.681574719296,0.0,0.0,481.434869565217,14443.04608695651,-16962.857144,-16962.857144,-21962.857144,0.0,-5000.0,0.033118117800482016,0.0,-0.0,163.8857143,424.0714286,258.9769231,240.2538462,75.94615385,0.0,0.962869739130434,1,1
176,2021-03-24,False,False,0.35,340,500,125,2cd,1,394.3615385,-0.0,394.3615385,519.3615385,-3294.8648754998912,-3294.8648754998912,-2813.430005934674,0.0,0.0,481.434869565217,14443.04608695651,-15774.46154,-15774.46154,-20774.461540000004,0.0,-5000.000000000004,0.033118117800481794,0.0,-0.0,142.7,394.3615385,238.5230769,198.4692308,73.33846154,0.0,0.962869739130434,1,1
